Workbook
Name _1Q_AVERAGE: MIP!$AH$8:$AH$62
Name _1Q_COL_1: MIP!$Y$8:$Y$62
Name _1Q_COL_10: MIP!#REF!
Name _1Q_COL_11: MIP!$AE$8:$AE$62
Name _1Q_COL_12: MIP!$AF$8:$AF$62
Name _1Q_COL_2: MIP!#REF!
Name _1Q_COL_3: MIP!$Z$8:$Z$62
Name _1Q_COL_4: MIP!#REF!
Name _1Q_COL_5: MIP!$AA$8:$AA$62
Name _1Q_COL_6: MIP!$AB$8:$AB$62
Name _1Q_COL_7: MIP!$AC$8:$AC$62
Name _1Q_COL_8: MIP!#REF!
Name _1Q_COL_9: MIP!$AD$8:$AD$62
Name _1Q_SEX: MIP!$X$8:$X$62
Name _2Q_AVERAGE: MIP!$AH$75:$AH$129
Name _2Q_COL_1: MIP!$Y$75:$Y$129
Name _2Q_COL_10: MIP!#REF!
Name _2Q_COL_11: MIP!$AE$75:$AE$129
Name _2Q_COL_12: MIP!$AF$75:$AF$129
Name _2Q_COL_2: MIP!#REF!
Name _2Q_COL_3: MIP!$Z$75:$Z$129
Name _2Q_COL_4: MIP!#REF!
Name _2Q_COL_5: MIP!$AA$75:$AA$129
Name _2Q_COL_6: MIP!$AB$75:$AB$129
Name _2Q_COL_7: MIP!$AC$75:$AC$129
Name _2Q_COL_8: MIP!#REF!
Name _2Q_COL_9: MIP!$AD$75:$AD$129
Name _2Q_SEX: MIP!$X$75:$X$129
Name _3Q_AVERAGE: MIP!#REF!
Name _3Q_COL_1: MIP!#REF!
Name _3Q_COL_10: MIP!#REF!
Name _3Q_COL_11: MIP!#REF!
Name _3Q_COL_12: MIP!#REF!
Name _3Q_COL_2: MIP!#REF!
Name _3Q_COL_3: MIP!#REF!
Name _3Q_COL_4: MIP!#REF!
Name _3Q_COL_5: MIP!#REF!
Name _3Q_COL_6: MIP!#REF!
Name _3Q_COL_7: MIP!#REF!
Name _3Q_COL_8: MIP!#REF!
Name _3Q_COL_9: MIP!#REF!
Name _3Q_SEX: MIP!#REF!
Name _4Q_AVERAGE: MIP!#REF!
Name _4Q_COL_1: MIP!#REF!
Name _4Q_COL_10: MIP!#REF!
Name _4Q_COL_11: MIP!#REF!
Name _4Q_COL_12: MIP!#REF!
Name _4Q_COL_2: MIP!#REF!
Name _4Q_COL_3: MIP!#REF!
Name _4Q_COL_4: MIP!#REF!
Name _4Q_COL_5: MIP!#REF!
Name _4Q_COL_6: MIP!#REF!
Name _4Q_COL_7: MIP!#REF!
Name _4Q_COL_8: MIP!#REF!
Name _4Q_COL_9: MIP!#REF!
Name _4Q_SEX: MIP!#REF!
Name _Rang11B: #REF!
Name _Rang11C: #REF!
Name _Rang11D: #REF!
Name _Rang11E: #REF!

Sheet GI
A1: GRADE | D1: SHEBA ACADEMY | G1: # | H1: Students' Names | I1: Sex | J1: Age | K1: M | L1: F | M1: T
G2: 1 | H2: Amanuel Hagos Tesfay | I2: M | K2: =COUNTIF($I$2:$I$56, "M") -> 26 | L2: =COUNTIF($I$2:$I$56, "f") -> 17 | M2: =SUM(K2:L2) -> 43 | N2: PRO
A3: 11 | C3: D | G3: 2 | H3: Beamlak Sultan Weldegebriel | I3: M | N3: PRO
G4: 3 | H4: Betelihim Kalayu Mamo | I4: F | N4: PRO
A5: Subject | C5: Teacher's Name | G5: 4 | H5: Bethelhem Teklay Weldegerima | I5: F | N5: PRO
G6: 5 | H6: Bilen Mesfin Taye | I6: F | N6: PRO
A7: 1 | B7: English | C7: Teklay Haile | G7: 6 | H7: Biruk Mulat Kiros | I7: M | N7: PRO
A8: 2 | B8: - | G8: 7 | H8: Bruk Gebreabyezgi Gebreselassie | I8: M | N8: PRO
A9: 3 | B9: Mathematics | C9: Berhe Hagos | G9: 8 | H9: Dagim Hagos Mehari | I9: M | N9: PRO
A10: 4 | B10: - | G10: 9 | H10: Danait Alem Haile | I10: F | N10: PRO
A11: 5 | B11: History | C11: Biniam Desta | G11: 10 | H11: Daniel Alem Beyene | I11: M | N11: PRO
A12: 6 | B12: Geography | C12: G/michael Kidane | G12: 11 | H12: Dawit Gebegziabher Teklay | I12: M | N12: PRO
A13: 7 | B13: Economics | C13: Kahsay G/medhin | G13: 12 | H13: Ibrahim Ahmedin Ebrahim | I13: M | N13: PRO
A14: 8 | B14: - | G14: 13 | H14: Eldana Tewelde Negash | I14: F | N14: PRO
A15: 9 | B15: ICT | C15: Hagos Redae | G15: 14 | H15: Elilta Asay Eyasu | I15: F | N15: PRO
A16: 10 | B16: - | G16: 15 | H16: Emebet Haftay Gebremichael | I16: F | N16: PRO
A17: 11 | B17: Accounting and finance | C17: Tadele Berhe | G17: 16 | H17: Ermiyas Gebremeskel Hailu | I17: M | N17: PRO
A18: 12 | B18: - | G18: 17 | H18: Esrom Amanuel Tsegay | I18: M | N18: PRO
A19: 13 | B19: - | G19: 18 | H19: Eyorsalem Afera Gebremedhin | I19: F | N19: PRO
A20: 14 | B20: - | G20: 19 | H20: Fasil Alem Kahsay | I20: M | N20: PRO
A21: 15 | B21: - | G21: 20 | H21: Hassen Abdelruhman Salih | I21: M | N21: PRO
G22: 21 | H22: Heldana Mengstu Mebrahtu | I22: F | N22: PRO
A23: Number of Students | D23: Academic Director's Name | E23: Homeroom Teacher's Name | G23: 22 | H23: Hilina Aregawi Abrha | I23: F | N23: PRO
G24: 23 | H24: Kaleab Haile Kahsay | I24: M | N24: PRO
A25: First Quarter: | C25: =$M$2 -> 43 | D25: Mr. Brhane Yohanes | E25: Biniam Desta | G25: 24 | H25: Kalkidan Haile Berhe | I25: F | N25: PRO
A26: Second Quarter: | C26: =$M$2 -> 43 | D26: Mr. Brhane Yohanes | E26: Biniam Desta | G26: 25 | H26: Kidus Tadesse Yewegalet | I26: M | N26: PRO
A27: First Semester: | C27: =$M$2 -> 43 | D27: Mr. Brhane Yohanes | E27: Biniam Desta | G27: 26 | H27: Lidiya Mulu Gebreegzabher | I27: F | N27: PRO
A28: Third Quarter: | C28: =$M$2 -> 43 | D28: Mr. Brhane Yohanes | E28: Biniam Desta | G28: 27 | H28: Menkem Solomon Yihdego | I28: M | N28: PRO
A29: Fourth Quarter: | C29: =$M$2 -> 43 | D29: Mr. Brhane Yohanes | E29: Biniam Desta | G29: 28 | H29: Mewael Semere Tewelde | I29: M | N29: PRO
A30: Second Semester: | C30: =$M$2 -> 43 | D30: Mr. Brhane Yohanes | E30: Biniam Desta | G30: 29 | H30: Mikiyas Engida Mesfin | I30: M | N30: PRO
A31: Yearly Average: | C31: =$M$2 -> 43 | D31: Mr. Brhane Yohanes | E31: Biniam Desta | G31: 30 | H31: Nahom Gobezay Beyene | I31: M | N31: PRO
G32: 31 | H32: Nebyu Dawit Tadesse | I32: M | N32: PRO
G33: 32 | H33: Rahwa Luel Birhane | I33: F | N33: PRO
A34: Academic Year | C34: 2025/26 G.C | D34: 2018 ዓ/ም | G34: 33 | H34: Raniya Jemal Gidey | I34: F | N34: PRO
A35: =CONCATENATE($D$1," ", $D$35) -> SHEBA ACADEMY 3rd Cycle | D35: 3rd Cycle | G35: 34 | H35: Samrawit Weldeslassie Kidane | I35: F | N35: PRO
A36: =CONCATENATE("STUDENTS' ROSTER GRADE ", $A$3) -> STUDENTS' ROSTER GRADE 11 | D36: Sub-Head Title: Roster | G36: 35 | H36: Samson Tekle Belay | I36: M | N36: PRO
A37: Temporary Grade Report | D37: Sub-Head Title: GRF | G37: 36 | H37: Sinados Solomon Kiflehadera | I37: M | N37: PRO
A38: =CONCATENATE($D$1," ", $C$34, " ACADEMEC YEAR") -> SHEBA ACADEMY 2025/26 G.C ACADEMEC YEAR | D38: Head-Title: MIP | G38: 37 | H38: Yeabsira Rezene Gebrecherkos | I38: M | N38: PRO
A39: 1st SEMESTER ROSTER | G39: 38 | H39: Yohannes Gebregergis Weldegebriel | I39: M | N39: PRO
A40: 2nd SEMESTER ROSTER | G40: 39 | H40: Yohanns Gebremedhin Aregawi | I40: M | N40: PRO
A41: YEARLY AVERAGE ROSTER | G41: 40 | H41: Yonatan Mulu Araya | I41: M | N41: PRO
G42: 41 | H42: Yordanos Weldeslassie Kidane | I42: F | N42: PRO
G43: 42 | H43: Yosef Mesfin Hailemicheal | I43: M | N43: PRO
G44: 43 | H44: Yudana Dawit Tsegay | I44: F | N44: PRO
G45: 44 | N45: PRO
G46: 45 | N46: PRO
A47: =CONCATENATE("ዘበነ ት/ቲ፡ ",$D$34," Academic Year: ",$C$34) -> ዘበነ ት/ቲ፡ 2018 ዓ/ም Academic Year: 2025/26 G.C | G47: 46 | N47: PRO
A48: =CONCATENATE($C$34, " Academic Year Basic Skills and Behavior Progress Report") -> 2025/26 G.C Academic Year Basic Skills and Behavior Progress Report | G48: 47 | N48: PRO
A49: መግለፂ ውፅኢት ተምሃራይ | G49: 48 | N49: PRO
A50: ኣካዳሚ ሸባ ሓፈሻዊ ካልኣይ ብርኪ ቤት ት/ቲ | G50: 49 | N50: PRO
A51: መቐለ, ኢትዮጵያ/Mekelle, Ethiopia | G51: 50 | N51: PRO
A52: =CONCATENATE(PROPER($D$1)," Comprehensive Secondary School Student's Grade Report Card") -> Sheba Academy Comprehensive Secondary School Student's Grade Report Card | G52: 51 | N52: PRO
G53: 52 | N53: PRO
B54: 1st SEMESTER RESULT STATISTICS | G54: 53 | N54: PRO
B55: 2nd SEMESTER RESULT STATISTICS | G55: 54 | N55: PRO
B56: SEMESTER-I AVERAGE STATISTICS | G56: 55 | N56: PRO
B62: IMPORTANT TAGS
B63: 3 | C63: Limitation for Rosters Head-Title
B64: 55 | C64: Average Formula
B65: Signature

Sheet MIP
A1: =GI!$D$1 -> SHEBA ACADEMY | F1: è | I1: =GI!$D$1 -> SHEBA ACADEMY | N1: è
A3: =CONCATENATE(GI!$D$35," & General Secondary School") -> 3rd Cycle & General Secondary School | I3: =CONCATENATE(GI!$D$35," & General Secondary School") -> 3rd Cycle & General Secondary School | V3: =CONCATENATE(GI!$A$3, " ", GI!$C$3) -> 11 D | X3: =GI!$A$38 -> SHEBA ACADEMY 2025/26 G.C ACADEMEC YEAR | AK3: ê | AL3: =CONCATENATE(GI!$D$1, " GRADE ", GI!$A$3,GI!$C$3," ", GI!$B$54) -> SHEBA ACADEMY GRADE 11D 1st SEMESTER RESULT STATISTICS
A4: Mark Transfer Sheet | I4: Mark Transfer Sheet | BB4: =GI!$A$3&GI!$C$3 -> 11D
A5: 1 | C5: Grade: | D5: =GI!$A$3&" "&GI!$C$3 -> 11 D | F5: ê | H5: =$H$942 -> S | I5: 1 | K5: Grade: | L5: =GI!$A$3&" "&GI!$C$3 -> 11 D | N5: ê | P5: =$H$942 -> S | Q5: =$H$942 -> S | X5: =GI!$A$39 -> 1st SEMESTER ROSTER | AT5: MALE: | AU5: =COUNTIFS(_1Q_SEX, "M") -> 26 | AV5: FEMALE: | AW5: =COUNTIFS(_1Q_SEX, "F") -> 17 | AX5: TOTAL: | AY5: =SUM(AU5,AW5) -> 43 | BA5: FORMULAS
C6: Subject: | D6: =UPPER(GI!$B$7) -> ENGLISH | K6: Subject: | L6: =UPPER(GI!$B$7) -> ENGLISH | AL6: SUBJECT | AM6: =$BA$6 &" " & $BC$6 -> >=1 <55 | AP6: =$BA$7 &" " & $BC$7 -> >=55 <75 | AS6: =$BA$8 &" " & $BC$8 -> >=75 <85 | AV6: =$BA$9 &" " & $BC$9 -> >=85 <=100 | AY6: TOTAL | BA6: >=1 | BC6: <55
B7: =GI!$A$34& ":" -> Academic Year: | C7: =GI!$C$34 -> 2025/26 G.C | D7: 1st SEMESTER | J7: =GI!$A$34& ":" -> Academic Year: | K7: =GI!$C$34 -> 2025/26 G.C | L7: 2nd SEMESTER | V7: # | W7: =GI!$H$1 -> Students' Names | X7: SEX | Y7: =UPPER(LEFT(GI!$B$7, GI!$B$63)) -> ENG | Z7: =UPPER(LEFT(GI!$B$9, GI!$B$63)) -> MAT | AA7: =UPPER(LEFT(GI!$B$11, GI!$B$63)) -> HIS | AB7: =UPPER(LEFT(GI!$B$12, GI!$B$63)) -> GEO | AC7: =UPPER(LEFT(GI!$B$13, GI!$B$63)) -> ECO | AD7: =UPPER(LEFT(GI!$B$15, GI!$B$63)) -> ICT | AE7: =UPPER(LEFT(GI!$B$17, GI!$B$63)) -> ACC | AF7: =UPPER(LEFT(GI!$B$18, GI!$B$63)) -> - | AG7: TOTAL | AH7: AVERAGE | AI7: RANK | AJ7: STATUS | AM7: M | AN7: F | AO7: T | AP7: M | AQ7: F | AR7: T | AS7: M | AT7: F | AU7: T | AV7: M | AW7: F | AX7: T | BA7: >=55 | BC7: <75
A8: # | B8: =GI!$H$1 -> Students' Names | C8: Marks | I8: # | J8: =GI!$H$1 -> Students' Names | K8: Marks | V8: 1 | W8: =GI!$H$2 -> Amanuel Hagos Tesfay | X8: =GI!$I$2 -> M | Y8: =$R$10 -> 76 | Z8: =$R$144 -> 57 | AA8: =$R$277 -> 91 | AB8: =$R$344 -> 85 | AC8: =$R$411 -> 71 | AD8: =$R$545 -> 82 | AE8: =$R$679 -> 83 | AF8: =$R$746 -> 0 | AG8: =SUM(Y8:AE8) -> 545 | AH8: =AG8/7 -> 77.857143 | AI8: =RANK(AH8, _1Q_AVERAGE) -> 9 | AJ8: =IF(AH8>=GI!$B$64, "PRO", "DET") -> PRO | AL8: =UPPER(GI!$B$7) -> ENGLISH | AM8: =COUNTIFS(_1Q_COL_1, $BA$6, _1Q_COL_1, $BC$6, _1Q_SEX, "M") -> 2 | AN8: =COUNTIFS(_1Q_COL_1, $BA$6, _1Q_COL_1, $BC$6, _1Q_SEX, "F") -> 1 | AO8: =SUM(AM8:AN8) -> 3 | AP8: =COUNTIFS(_1Q_COL_1, $BA$7, _1Q_COL_1, $BC$7, _1Q_SEX, "M") -> 19 | AQ8: =COUNTIFS(_1Q_COL_1, $BA$7, _1Q_COL_1, $BC$7, _1Q_SEX, "F") -> 11 | AR8: =SUM(AP8:AQ8) -> 30 | AS8: =COUNTIFS(_1Q_COL_1, $BA$8, _1Q_COL_1, $BC$8, _1Q_SEX, "M") -> 4 | AT8: =COUNTIFS(_1Q_COL_1, $BA$8, _1Q_COL_1, $BC$8, _1Q_SEX, "F") -> 5 | AU8: =SUM(AS8:AT8) -> 9 | AV8: =COUNTIFS(_1Q_COL_1, $BA$9, _1Q_COL_1, $BC$9, _1Q_SEX, "M") -> 1 | AW8: =COUNTIFS(_1Q_COL_1, $BA$9, _1Q_COL_1, $BC$9, _1Q_SEX, "F") -> 0 | AX8: =SUM(AV8:AW8) -> 1 | AY8: =SUM(AO8,AR8,AU8,AX8) -> 43 | BA8: >=75 | BC8: <85
C9: 0.4 | D9: 0.6 | E9: 1 | K9: 0.4 | L9: 0.6 | M9: =SUM(K9:L9) -> 1 | R9: =$D$7 -> 1st SEMESTER | S9: =$L$7 -> 2nd SEMESTER | T9: SEMESTER-I | V9: 2 | W9: =GI!$H$3 -> Beamlak Sultan Weldegebriel | X9: =GI!$I$3 -> M | Y9: =$R$11 -> 67 | Z9: =$R$145 -> 53 | AA9: =$R$278 -> 67 | AB9: =$R$345 -> 71 | AC9: =$R$412 -> 68 | AD9: =$R$546 -> 85 | AE9: =$R$680 -> 78 | AF9: =$R$747 -> 0 | AG9: =SUM(Y9:AE9) -> 489 | AH9: =AG9/7 -> 69.857143 | AI9: =RANK(AH9, _1Q_AVERAGE) -> 24 | AJ9: =IF(AH9>=GI!$B$64, "PRO", "DET") -> PRO | AL9: PERCENTAG: | AM9: =AM8*100/$AU$5 -> 7.6923077 | AN9: =AN8*100/$AW$5 -> 5.8823529 | AO9: =AO8*100/$AY$5 -> 6.9767442 | AP9: =AP8*100/$AU$5 -> 73.076923 | AQ9: =AQ8*100/$AW$5 -> 64.705882 | AR9: =AR8*100/$AY$5 -> 69.767442 | AS9: =AS8*100/$AU$5 -> 15.384615 | AT9: =AT8*100/$AW$5 -> 29.411765 | AU9: =AU8*100/$AY$5 -> 20.930233 | AV9: =AV8*100/$AU$5 -> 3.8461538 | AW9: =AW8*100/$AW$5 -> 0 | AX9: =AX8*100/$AY$5 -> 2.3255814 | AY9: =SUM(AO9,AR9,AU9,AX9) -> 100 | BA9: >=85 | BC9: <=100
A10: 1 | B10: =GI!$H$2 -> Amanuel Hagos Tesfay | E10: 76 | F10: =IF(E10>100,"SKURRR~!!", IF(A10>GI!$M$2," ", IF($D$6="-", " ", IF(ISBLANK(E10),"FALSE","")))) | I10: 1 | J10: =GI!$H$2 -> Amanuel Hagos Tesfay | N10: =IF(M10>100,"SKURRR~!!", IF(I10>GI!$M$2," ", IF($L$6="-", " ", IF(ISBLANK(M10),"FALSE","")))) -> FALSE | R10: =E10 -> 76 | S10: =M10 -> 0 | T10: =AVERAGE(R10:S10) -> 38 | V10: 3 | W10: =GI!$H$4 -> Betelihim Kalayu Mamo | X10: =GI!$I$4 -> F | Y10: =$R$12 -> 59 | Z10: =$R$146 -> 65 | AA10: =$R$279 -> 68 | AB10: =$R$346 -> 79 | AC10: =$R$413 -> 62 | AD10: =$R$547 -> 93 | AE10: =$R$681 -> 76 | AF10: =$R$748 -> 0 | AG10: =SUM(Y10:AE10) -> 502 | AH10: =AG10/7 -> 71.714286 | AI10: =RANK(AH10, _1Q_AVERAGE) -> 20 | AJ10: =IF(AH10>=GI!$B$64, "PRO", "DET") -> PRO | AL10: =UPPER(GI!$B$8) -> -
A11: 2 | B11: =GI!$H$3 -> Beamlak Sultan Weldegebriel | E11: 67 | F11: =IF(E11>100,"SKURRR~!!", IF(A11>GI!$M$2," ", IF($D$6="-", " ", IF(ISBLANK(E11),"FALSE","")))) | I11: 2 | J11: =GI!$H$3 -> Beamlak Sultan Weldegebriel | N11: =IF(M11>100,"SKURRR~!!", IF(I11>GI!$M$2," ", IF($L$6="-", " ", IF(ISBLANK(M11),"FALSE","")))) -> FALSE | R11: =E11 -> 67 | S11: =M11 -> 0 | T11: =AVERAGE(R11:S11) -> 33.5 | V11: 4 | W11: =GI!$H$5 -> Bethelhem Teklay Weldegerima | X11: =GI!$I$5 -> F | Y11: =$R$13 -> 77 | Z11: =$R$147 -> 56 | AA11: =$R$280 -> 90 | AB11: =$R$347 -> 71 | AC11: =$R$414 -> 75 | AD11: =$R$548 -> 86 | AE11: =$R$682 -> 75 | AF11: =$R$749 -> 0 | AG11: =SUM(Y11:AE11) -> 530 | AH11: =AG11/7 -> 75.714286 | AI11: =RANK(AH11, _1Q_AVERAGE) -> 13 | AJ11: =IF(AH11>=GI!$B$64, "PRO", "DET") -> PRO | AL11: PERCENTAG:
A12: 3 | B12: =GI!$H$4 -> Betelihim Kalayu Mamo | E12: 59 | F12: =IF(E12>100,"SKURRR~!!", IF(A12>GI!$M$2," ", IF($D$6="-", " ", IF(ISBLANK(E12),"FALSE","")))) | I12: 3 | J12: =GI!$H$4 -> Betelihim Kalayu Mamo | N12: =IF(M12>100,"SKURRR~!!", IF(I12>GI!$M$2," ", IF($L$6="-", " ", IF(ISBLANK(M12),"FALSE","")))) -> FALSE | R12: =E12 -> 59 | S12: =M12 -> 0 | T12: =AVERAGE(R12:S12) -> 29.5 | V12: 5 | W12: =GI!$H$6 -> Bilen Mesfin Taye | X12: =GI!$I$6 -> F | Y12: =$R$14 -> 57 | Z12: =$R$148 -> 55 | AA12: =$R$281 -> 55 | AB12: =$R$348 -> 33 | AC12: =$R$415 -> 44 | AD12: =$R$549 -> 67 | AE12: =$R$683 -> 82 | AF12: =$R$750 -> 0 | AG12: =SUM(Y12:AE12) -> 393 | AH12: =AG12/7 -> 56.142857 | AI12: =RANK(AH12, _1Q_AVERAGE) -> 43 | AJ12: =IF(AH12>=GI!$B$64, "PRO", "DET") -> PRO | AL12: =UPPER(GI!$B$9) -> MATHEMATICS | AM12: =COUNTIFS(_1Q_COL_3, $BA$6, _1Q_COL_3, $BC$6, _1Q_SEX, "M") -> 6 | AN12: =COUNTIFS(_1Q_COL_3, $BA$6, _1Q_COL_3, $BC$6, _1Q_SEX, "F") -> 4 | AO12: =SUM(AM12:AN12) -> 10 | AP12: =COUNTIFS(_1Q_COL_3, $BA$7, _1Q_COL_3, $BC$7, _1Q_SEX, "M") -> 19 | AQ12: =COUNTIFS(_1Q_COL_3, $BA$7, _1Q_COL_3, $BC$7, _1Q_SEX, "F") -> 12 | AR12: =SUM(AP12:AQ12) -> 31 | AS12: =COUNTIFS(_1Q_COL_3, $BA$8, _1Q_COL_3, $BC$8, _1Q_SEX, "M") -> 0 | AT12: =COUNTIFS(_1Q_COL_3, $BA$8, _1Q_COL_3, $BC$8, _1Q_SEX, "F") -> 1 | AU12: =SUM(AS12:AT12) -> 1 | AV12: =COUNTIFS(_1Q_COL_3, $BA$9, _1Q_COL_3, $BC$9, _1Q_SEX, "M") -> 1 | AW12: =COUNTIFS(_1Q_COL_3, $BA$9, _1Q_COL_3, $BC$9, _1Q_SEX, "F") -> 0 | AX12: =SUM(AV12:AW12) -> 1 | AY12: =SUM(AO12,AR12,AU12,AX12) -> 43
A13: 4 | B13: =GI!$H$5 -> Bethelhem Teklay Weldegerima | E13: 77 | F13: =IF(E13>100,"SKURRR~!!", IF(A13>GI!$M$2," ", IF($D$6="-", " ", IF(ISBLANK(E13),"FALSE","")))) | I13: 4 | J13: =GI!$H$5 -> Bethelhem Teklay Weldegerima | N13: =IF(M13>100,"SKURRR~!!", IF(I13>GI!$M$2," ", IF($L$6="-", " ", IF(ISBLANK(M13),"FALSE","")))) -> FALSE | R13: =E13 -> 77 | S13: =M13 -> 0 | T13: =AVERAGE(R13:S13) -> 38.5 | V13: 6 | W13: =GI!$H$7 -> Biruk Mulat Kiros | X13: =GI!$I$7 -> M | Y13: =$R$15 -> 63 | Z13: =$R$149 -> 65 | AA13: =$R$282 -> 77 | AB13: =$R$349 -> 82 | AC13: =$R$416 -> 71 | AD13: =$R$550 -> 93 | AE13: =$R$684 -> 85 | AF13: =$R$751 -> 0 | AG13: =SUM(Y13:AE13) -> 536 | AH13: =AG13/7 -> 76.571429 | AI13: =RANK(AH13, _1Q_AVERAGE) -> 11 | AJ13: =IF(AH13>=GI!$B$64, "PRO", "DET") -> PRO | AL13: PERCENTAG: | AM13: =AM12*100/$AU$5 -> 23.076923 | AN13: =AN12*100/$AW$5 -> 23.529412 | AO13: =AO12*100/$AY$5 -> 23.255814 | AP13: =AP12*100/$AU$5 -> 73.076923 | AQ13: =AQ12*100/$AW$5 -> 70.588235 | AR13: =AR12*100/$AY$5 -> 72.093023 | AS13: =AS12*100/$AU$5 -> 0 | AT13: =AT12*100/$AW$5 -> 5.8823529 | AU13: =AU12*100/$AY$5 -> 2.3255814 | AV13: =AV12*100/$AU$5 -> 3.8461538 | AW13: =AW12*100/$AW$5 -> 0 | AX13: =AX12*100/$AY$5 -> 2.3255814 | AY13: =SUM(AO13,AR13,AU13,AX13) -> 100
A14: 5 | B14: =GI!$H$6 -> Bilen Mesfin Taye | E14: 57 | F14: =IF(E14>100,"SKURRR~!!", IF(A14>GI!$M$2," ", IF($D$6="-", " ", IF(ISBLANK(E14),"FALSE","")))) | I14: 5 | J14: =GI!$H$6 -> Bilen Mesfin Taye | N14: =IF(M14>100,"SKURRR~!!", IF(I14>GI!$M$2," ", IF($L$6="-", " ", IF(ISBLANK(M14),"FALSE","")))) -> FALSE | R14: =E14 -> 57 | S14: =M14 -> 0 | T14: =AVERAGE(R14:S14) -> 28.5 | V14: 7 | W14: =GI!$H$8 -> Bruk Gebreabyezgi Gebreselassie | X14: =GI!$I$8 -> M | Y14: =$R$16 -> 53 | Z14: =$R$150 -> 48 | AA14: =$R$283 -> 59 | AB14: =$R$350 -> 59 | AC14: =$R$417 -> 56 | AD14: =$R$551 -> 60 | AE14: =$R$685 -> 60 | AF14: =$R$752 -> 0 | AG14: =SUM(Y14:AE14) -> 395 | AH14: =AG14/7 -> 56.428571 | AI14: =RANK(AH14, _1Q_AVERAGE) -> 42 | AJ14: =IF(AH14>=GI!$B$64, "PRO", "DET") -> PRO | AL14: =UPPER(GI!$B$10) -> -
A15: 6 | B15: =GI!$H$7 -> Biruk Mulat Kiros | E15: 63 | F15: =IF(E15>100,"SKURRR~!!", IF(A15>GI!$M$2," ", IF($D$6="-", " ", IF(ISBLANK(E15),"FALSE","")))) | I15: 6 | J15: =GI!$H$7 -> Biruk Mulat Kiros | N15: =IF(M15>100,"SKURRR~!!", IF(I15>GI!$M$2," ", IF($L$6="-", " ", IF(ISBLANK(M15),"FALSE","")))) -> FALSE | R15: =E15 -> 63 | S15: =M15 -> 0 | T15: =AVERAGE(R15:S15) -> 31.5 | V15: 8 | W15: =GI!$H$9 -> Dagim Hagos Mehari | X15: =GI!$I$9 -> M | Y15: =$R$17 -> 66 | Z15: =$R$151 -> 58 | AA15: =$R$284 -> 73 | AB15: =$R$351 -> 73 | AC15: =$R$418 -> 61 | AD15: =$R$552 -> 80 | AE15: =$R$686 -> 75 | AF15: =$R$753 -> 0 | AG15: =SUM(Y15:AE15) -> 486 | AH15: =AG15/7 -> 69.428571 | AI15: =RANK(AH15, _1Q_AVERAGE) -> 25 | AJ15: =IF(AH15>=GI!$B$64, "PRO", "DET") -> PRO | AL15: PERCENTAG:
A16: 7 | B16: =GI!$H$8 -> Bruk Gebreabyezgi Gebreselassie | E16: 53 | F16: =IF(E16>100,"SKURRR~!!", IF(A16>GI!$M$2," ", IF($D$6="-", " ", IF(ISBLANK(E16),"FALSE","")))) | I16: 7 | J16: =GI!$H$8 -> Bruk Gebreabyezgi Gebreselassie | N16: =IF(M16>100,"SKURRR~!!", IF(I16>GI!$M$2," ", IF($L$6="-", " ", IF(ISBLANK(M16),"FALSE","")))) -> FALSE | R16: =E16 -> 53 | S16: =M16 -> 0 | T16: =AVERAGE(R16:S16) -> 26.5 | V16: 9 | W16: =GI!$H$10 -> Danait Alem Haile | X16: =GI!$I$10 -> F | Y16: =$R$18 -> 56 | Z16: =$R$152 -> 60 | AA16: =$R$285 -> 56 | AB16: =$R$352 -> 58 | AC16: =$R$419 -> 39 | AD16: =$R$553 -> 78 | AE16: =$R$687 -> 70 | AF16: =$R$754 -> 0 | AG16: =SUM(Y16:AE16) -> 417 | AH16: =AG16/7 -> 59.571429 | AI16: =RANK(AH16, _1Q_AVERAGE) -> 41 | AJ16: =IF(AH16>=GI!$B$64, "PRO", "DET") -> PRO | AL16: =UPPER(GI!$B$11) -> HISTORY | AM16: =COUNTIFS(_1Q_COL_5, $BA$6, _1Q_COL_5, $BC$6, _1Q_SEX, "M") -> 0 | AN16: =COUNTIFS(_1Q_COL_5, $BA$6, _1Q_COL_5, $BC$6, _1Q_SEX, "F") -> 0 | AO16: =SUM(AM16:AN16) -> 0 | AP16: =COUNTIFS(_1Q_COL_5, $BA$7, _1Q_COL_5, $BC$7, _1Q_SEX, "M") -> 13 | AQ16: =COUNTIFS(_1Q_COL_5, $BA$7, _1Q_COL_5, $BC$7, _1Q_SEX, "F") -> 7 | AR16: =SUM(AP16:AQ16) -> 20 | AS16: =COUNTIFS(_1Q_COL_5, $BA$8, _1Q_COL_5, $BC$8, _1Q_SEX, "M") -> 8 | AT16: =COUNTIFS(_1Q_COL_5, $BA$8, _1Q_COL_5, $BC$8, _1Q_SEX, "F") -> 5 | AU16: =SUM(AS16:AT16) -> 13 | AV16: =COUNTIFS(_1Q_COL_5, $BA$9, _1Q_COL_5, $BC$9, _1Q_SEX, "M") -> 5 | AW16: =COUNTIFS(_1Q_COL_5, $BA$9, _1Q_COL_5, $BC$9, _1Q_SEX, "F") -> 5 | AX16: =SUM(AV16:AW16) -> 10 | AY16: =SUM(AO16,AR16,AU16,AX16) -> 43
A17: 8 | B17: =GI!$H$9 -> Dagim Hagos Mehari | E17: 66 | F17: =IF(E17>100,"SKURRR~!!", IF(A17>GI!$M$2," ", IF($D$6="-", " ", IF(ISBLANK(E17),"FALSE","")))) | I17: 8 | J17: =GI!$H$9 -> Dagim Hagos Mehari | N17: =IF(M17>100,"SKURRR~!!", IF(I17>GI!$M$2," ", IF($L$6="-", " ", IF(ISBLANK(M17),"FALSE","")))) -> FALSE | R17: =E17 -> 66 | S17: =M17 -> 0 | T17: =AVERAGE(R17:S17) -> 33 | V17: 10 | W17: =GI!$H$11 -> Daniel Alem Beyene | X17: =GI!$I$11 -> M | Y17: =$R$19 -> 74 | Z17: =$R$153 -> 61 | AA17: =$R$286 -> 67 | AB17: =$R$353 -> 81 | AC17: =$R$420 -> 73 | AD17: =$R$554 -> 73 | AE17: =$R$688 -> 74 | AF17: =$R$755 -> 0 | AG17: =SUM(Y17:AE17) -> 503 | AH17: =AG17/7 -> 71.857143 | AI17: =RANK(AH17, _1Q_AVERAGE) -> 19 | AJ17: =IF(AH17>=GI!$B$64, "PRO", "DET") -> PRO | AL17: PERCENTAG: | AM17: =AM16*100/$AU$5 -> 0 | AN17: =AN16*100/$AW$5 -> 0 | AO17: =AO16*100/$AY$5 -> 0 | AP17: =AP16*100/$AU$5 -> 50 | AQ17: =AQ16*100/$AW$5 -> 41.176471 | AR17: =AR16*100/$AY$5 -> 46.511628 | AS17: =AS16*100/$AU$5 -> 30.769231 | AT17: =AT16*100/$AW$5 -> 29.411765 | AU17: =AU16*100/$AY$5 -> 30.232558 | AV17: =AV16*100/$AU$5 -> 19.230769 | AW17: =AW16*100/$AW$5 -> 29.411765 | AX17: =AX16*100/$AY$5 -> 23.255814 | AY17: =SUM(AO17,AR17,AU17,AX17) -> 100
A18: 9 | B18: =GI!$H$10 -> Danait Alem Haile | E18: 56 | F18: =IF(E18>100,"SKURRR~!!", IF(A18>GI!$M$2," ", IF($D$6="-", " ", IF(ISBLANK(E18),"FALSE","")))) | I18: 9 | J18: =GI!$H$10 -> Danait Alem Haile | N18: =IF(M18>100,"SKURRR~!!", IF(I18>GI!$M$2," ", IF($L$6="-", " ", IF(ISBLANK(M18),"FALSE","")))) -> FALSE | R18: =E18 -> 56 | S18: =M18 -> 0 | T18: =AVERAGE(R18:S18) -> 28 | V18: 11 | W18: =GI!$H$12 -> Dawit Gebegziabher Teklay | X18: =GI!$I$12 -> M | Y18: =$R$20 -> 63 | Z18: =$R$154 -> 60 | AA18: =$R$287 -> 76 | AB18: =$R$354 -> 59 | AC18: =$R$421 -> 60 | AD18: =$R$555 -> 74 | AE18: =$R$689 -> 66 | AF18: =$R$756 -> 0 | AG18: =SUM(Y18:AE18) -> 458 | AH18: =AG18/7 -> 65.428571 | AI18: =RANK(AH18, _1Q_AVERAGE) -> 35 | AJ18: =IF(AH18>=GI!$B$64, "PRO", "DET") -> PRO | AL18: =UPPER(GI!$B$12) -> GEOGRAPHY | AM18: =COUNTIFS(_1Q_COL_6, $BA$6, _1Q_COL_6, $BC$6, _1Q_SEX, "M") -> 0 | AN18: =COUNTIFS(_1Q_COL_6, $BA$6, _1Q_COL_6, $BC$6, _1Q_SEX, "F") -> 2 | AO18: =SUM(AM18:AN18) -> 2 | AP18: =COUNTIFS(_1Q_COL_6, $BA$7, _1Q_COL_6, $BC$7, _1Q_SEX, "M") -> 16 | AQ18: =COUNTIFS(_1Q_COL_6, $BA$7, _1Q_COL_6, $BC$7, _1Q_SEX, "F") -> 6 | AR18: =SUM(AP18:AQ18) -> 22 | AS18: =COUNTIFS(_1Q_COL_6, $BA$8, _1Q_COL_6, $BC$8, _1Q_SEX, "M") -> 7 | AT18: =COUNTIFS(_1Q_COL_6, $BA$8, _1Q_COL_6, $BC$8, _1Q_SEX, "F") -> 5 | AU18: =SUM(AS18:AT18) -> 12 | AV18: =COUNTIFS(_1Q_COL_6, $BA$9, _1Q_COL_6, $BC$9, _1Q_SEX, "M") -> 3 | AW18: =COUNTIFS(_1Q_COL_6, $BA$9, _1Q_COL_6, $BC$9, _1Q_SEX, "F") -> 4 | AX18: =SUM(AV18:AW18) -> 7 | AY18: =SUM(AO18,AR18,AU18,AX18) -> 43
A19: 10 | B19: =GI!$H$11 -> Daniel Alem Beyene | E19: 74 | F19: =IF(E19>100,"SKURRR~!!", IF(A19>GI!$M$2," ", IF($D$6="-", " ", IF(ISBLANK(E19),"FALSE","")))) | I19: 10 | J19: =GI!$H$11 -> Daniel Alem Beyene | N19: =IF(M19>100,"SKURRR~!!", IF(I19>GI!$M$2," ", IF($L$6="-", " ", IF(ISBLANK(M19),"FALSE","")))) -> FALSE | R19: =E19 -> 74 | S19: =M19 -> 0 | T19: =AVERAGE(R19:S19) -> 37 | V19: 12 | W19: =GI!$H$13 -> Ibrahim Ahmedin Ebrahim | X19: =GI!$I$13 -> M | Y19: =$R$21 -> 74 | Z19: =$R$155 -> 57 | AA19: =$R$288 -> 86 | AB19: =$R$355 -> 85 | AC19: =$R$422 -> 74 | AD19: =$R$556 -> 92 | AE19: =$R$690 -> 81 | AF19: =$R$757 -> 0 | AG19: =SUM(Y19:AE19) -> 549 | AH19: =AG19/7 -> 78.428571 | AI19: =RANK(AH19, _1Q_AVERAGE) -> 8 | AJ19: =IF(AH19>=GI!$B$64, "PRO", "DET") -> PRO | AL19: PERCENTAG: | AM19: =AM18*100/$AU$5 -> 0 | AN19: =AN18*100/$AW$5 -> 11.764706 | AO19: =AO18*100/$AY$5 -> 4.6511628 | AP19: =AP18*100/$AU$5 -> 61.538462 | AQ19: =AQ18*100/$AW$5 -> 35.294118 | AR19: =AR18*100/$AY$5 -> 51.162791 | AS19: =AS18*100/$AU$5 -> 26.923077 | AT19: =AT18*100/$AW$5 -> 29.411765 | AU19: =AU18*100/$AY$5 -> 27.906977 | AV19: =AV18*100/$AU$5 -> 11.538462 | AW19: =AW18*100/$AW$5 -> 23.529412 | AX19: =AX18*100/$AY$5 -> 16.27907 | AY19: =SUM(AO19,AR19,AU19,AX19) -> 100
A20: 11 | B20: =GI!$H$12 -> Dawit Gebegziabher Teklay | E20: 63 | F20: =IF(E20>100,"SKURRR~!!", IF(A20>GI!$M$2," ", IF($D$6="-", " ", IF(ISBLANK(E20),"FALSE","")))) | I20: 11 | J20: =GI!$H$12 -> Dawit Gebegziabher Teklay | N20: =IF(M20>100,"SKURRR~!!", IF(I20>GI!$M$2," ", IF($L$6="-", " ", IF(ISBLANK(M20),"FALSE","")))) -> FALSE | R20: =E20 -> 63 | S20: =M20 -> 0 | T20: =AVERAGE(R20:S20) -> 31.5 | V20: 13 | W20: =GI!$H$14 -> Eldana Tewelde Negash | X20: =GI!$I$14 -> F | Y20: =$R$22 -> 61 | Z20: =$R$156 -> 62 | AA20: =$R$289 -> 81 | AB20: =$R$356 -> 83 | AC20: =$R$423 -> 72 | AD20: =$R$557 -> 75 | AE20: =$R$691 -> 74 | AF20: =$R$758 -> 0 | AG20: =SUM(Y20:AE20) -> 508 | AH20: =AG20/7 -> 72.571429 | AI20: =RANK(AH20, _1Q_AVERAGE) -> 18 | AJ20: =IF(AH20>=GI!$B$64, "PRO", "DET") -> PRO | AL20: =UPPER(GI!$B$13) -> ECONOMICS | AM20: =COUNTIFS(_1Q_COL_7, $BA$6, _1Q_COL_7, $BC$6, _1Q_SEX, "M") -> 1 | AN20: =COUNTIFS(_1Q_COL_7, $BA$6, _1Q_COL_7, $BC$6, _1Q_SEX, "F") -> 3 | AO20: =SUM(AM20:AN20) -> 4 | AP20: =COUNTIFS(_1Q_COL_7, $BA$7, _1Q_COL_7, $BC$7, _1Q_SEX, "M") -> 22 | AQ20: =COUNTIFS(_1Q_COL_7, $BA$7, _1Q_COL_7, $BC$7, _1Q_SEX, "F") -> 9 | AR20: =SUM(AP20:AQ20) -> 31 | AS20: =COUNTIFS(_1Q_COL_7, $BA$8, _1Q_COL_7, $BC$8, _1Q_SEX, "M") -> 2 | AT20: =COUNTIFS(_1Q_COL_7, $BA$8, _1Q_COL_7, $BC$8, _1Q_SEX, "F") -> 4 | AU20: =SUM(AS20:AT20) -> 6 | AV20: =COUNTIFS(_1Q_COL_7, $BA$9, _1Q_COL_7, $BC$9, _1Q_SEX, "M") -> 1 | AW20: =COUNTIFS(_1Q_COL_7, $BA$9, _1Q_COL_7, $BC$9, _1Q_SEX, "F") -> 1 | AX20: =SUM(AV20:AW20) -> 2 | AY20: =SUM(AO20,AR20,AU20,AX20) -> 43
A21: 12 | B21: =GI!$H$13 -> Ibrahim Ahmedin Ebrahim | E21: 74 | F21: =IF(E21>100,"SKURRR~!!", IF(A21>GI!$M$2," ", IF($D$6="-", " ", IF(ISBLANK(E21),"FALSE","")))) | I21: 12 | J21: =GI!$H$13 -> Ibrahim Ahmedin Ebrahim | N21: =IF(M21>100,"SKURRR~!!", IF(I21>GI!$M$2," ", IF($L$6="-", " ", IF(ISBLANK(M21),"FALSE","")))) -> FALSE | R21: =E21 -> 74 | S21: =M21 -> 0 | T21: =AVERAGE(R21:S21) -> 37 | V21: 14 | W21: =GI!$H$15 -> Elilta Asay Eyasu | X21: =GI!$I$15 -> F | Y21: =$R$23 -> 75 | Z21: =$R$157 -> 52 | AA21: =$R$290 -> 90 | AB21: =$R$357 -> 82 | AC21: =$R$424 -> 79 | AD21: =$R$558 -> 91 | AE21: =$R$692 -> 88 | AF21: =$R$759 -> 0 | AG21: =SUM(Y21:AE21) -> 557 | AH21: =AG21/7 -> 79.571429 | AI21: =RANK(AH21, _1Q_AVERAGE) -> 6 | AJ21: =IF(AH21>=GI!$B$64, "PRO", "DET") -> PRO | AL21: PERCENTAG: | AM21: =AM20*100/$AU$5 -> 3.8461538 | AN21: =AN20*100/$AW$5 -> 17.647059 | AO21: =AO20*100/$AY$5 -> 9.3023256 | AP21: =AP20*100/$AU$5 -> 84.615385 | AQ21: =AQ20*100/$AW$5 -> 52.941176 | AR21: =AR20*100/$AY$5 -> 72.093023 | AS21: =AS20*100/$AU$5 -> 7.6923077 | AT21: =AT20*100/$AW$5 -> 23.529412 | AU21: =AU20*100/$AY$5 -> 13.953488 | AV21: =AV20*100/$AU$5 -> 3.8461538 | AW21: =AW20*100/$AW$5 -> 5.8823529 | AX21: =AX20*100/$AY$5 -> 4.6511628 | AY21: =SUM(AO21,AR21,AU21,AX21) -> 100
A22: 13 | B22: =GI!$H$14 -> Eldana Tewelde Negash | E22: 61 | F22: =IF(E22>100,"SKURRR~!!", IF(A22>GI!$M$2," ", IF($D$6="-", " ", IF(ISBLANK(E22),"FALSE","")))) | I22: 13 | J22: =GI!$H$14 -> Eldana Tewelde Negash | N22: =IF(M22>100,"SKURRR~!!", IF(I22>GI!$M$2," ", IF($L$6="-", " ", IF(ISBLANK(M22),"FALSE","")))) -> FALSE | R22: =E22 -> 61 | S22: =M22 -> 0 | T22: =AVERAGE(R22:S22) -> 30.5 | V22: 15 | W22: =GI!$H$16 -> Emebet Haftay Gebremichael | X22: =GI!$I$16 -> F | Y22: =$R$24 -> 76 | Z22: =$R$158 -> 61 | AA22: =$R$291 -> 100 | AB22: =$R$358 -> 96 | AC22: =$R$425 -> 88 | AD22: =$R$559 -> 89 | AE22: =$R$693 -> 94 | AF22: =$R$760 -> 0 | AG22: =SUM(Y22:AE22) -> 604 | AH22: =AG22/7 -> 86.285714 | AI22: =RANK(AH22, _1Q_AVERAGE) -> 3 | AJ22: =IF(AH22>=GI!$B$64, "PRO", "DET") -> PRO | AL22: =UPPER(GI!$B$14) -> -
A23: 14 | B23: =GI!$H$15 -> Elilta Asay Eyasu | E23: 75 | F23: =IF(E23>100,"SKURRR~!!", IF(A23>GI!$M$2," ", IF($D$6="-", " ", IF(ISBLANK(E23),"FALSE","")))) | I23: 14 | J23: =GI!$H$15 -> Elilta Asay Eyasu | N23: =IF(M23>100,"SKURRR~!!", IF(I23>GI!$M$2," ", IF($L$6="-", " ", IF(ISBLANK(M23),"FALSE","")))) -> FALSE | R23: =E23 -> 75 | S23: =M23 -> 0 | T23: =AVERAGE(R23:S23) -> 37.5 | V23: 16 | W23: =GI!$H$17 -> Ermiyas Gebremeskel Hailu | X23: =GI!$I$17 -> M | Y23: =$R$25 -> 59 | Z23: =$R$159 -> 60 | AA23: =$R$292 -> 70 | AB23: =$R$359 -> 76 | AC23: =$R$426 -> 62 | AD23: =$R$560 -> 90 | AE23: =$R$694 -> 63 | AF23: =$R$761 -> 0 | AG23: =SUM(Y23:AE23) -> 480 | AH23: =AG23/7 -> 68.571429 | AI23: =RANK(AH23, _1Q_AVERAGE) -> 27 | AJ23: =IF(AH23>=GI!$B$64, "PRO", "DET") -> PRO | AL23: PERCENTAG:
A24: 15 | B24: =GI!$H$16 -> Emebet Haftay Gebremichael | E24: 76 | F24: =IF(E24>100,"SKURRR~!!", IF(A24>GI!$M$2," ", IF($D$6="-", " ", IF(ISBLANK(E24),"FALSE","")))) | I24: 15 | J24: =GI!$H$16 -> Emebet Haftay Gebremichael | N24: =IF(M24>100,"SKURRR~!!", IF(I24>GI!$M$2," ", IF($L$6="-", " ", IF(ISBLANK(M24),"FALSE","")))) -> FALSE | R24: =E24 -> 76 | S24: =M24 -> 0 | T24: =AVERAGE(R24:S24) -> 38 | V24: 17 | W24: =GI!$H$18 -> Esrom Amanuel Tsegay | X24: =GI!$I$18 -> M | Y24: =$R$26 -> 62 | Z24: =$R$160 -> 65 | AA24: =$R$293 -> 92 | AB24: =$R$360 -> 84 | AC24: =$R$427 -> 81 | AD24: =$R$561 -> 93 | AE24: =$R$695 -> 91 | AF24: =$R$762 -> 0 | AG24: =SUM(Y24:AE24) -> 568 | AH24: =AG24/7 -> 81.142857 | AI24: =RANK(AH24, _1Q_AVERAGE) -> 4 | AJ24: =IF(AH24>=GI!$B$64, "PRO", "DET") -> PRO | AL24: =UPPER(GI!$B$15) -> ICT | AM24: =COUNTIFS(_1Q_COL_9, $BA$6, _1Q_COL_9, $BC$6, _1Q_SEX, "M") -> 0 | AN24: =COUNTIFS(_1Q_COL_9, $BA$6, _1Q_COL_9, $BC$6, _1Q_SEX, "F") -> 0 | AO24: =SUM(AM24:AN24) -> 0 | AP24: =COUNTIFS(_1Q_COL_9, $BA$7, _1Q_COL_9, $BC$7, _1Q_SEX, "M") -> 5 | AQ24: =COUNTIFS(_1Q_COL_9, $BA$7, _1Q_COL_9, $BC$7, _1Q_SEX, "F") -> 2 | AR24: =SUM(AP24:AQ24) -> 7 | AS24: =COUNTIFS(_1Q_COL_9, $BA$8, _1Q_COL_9, $BC$8, _1Q_SEX, "M") -> 8 | AT24: =COUNTIFS(_1Q_COL_9, $BA$8, _1Q_COL_9, $BC$8, _1Q_SEX, "F") -> 6 | AU24: =SUM(AS24:AT24) -> 14 | AV24: =COUNTIFS(_1Q_COL_9, $BA$9, _1Q_COL_9, $BC$9, _1Q_SEX, "M") -> 13 | AW24: =COUNTIFS(_1Q_COL_9, $BA$9, _1Q_COL_9, $BC$9, _1Q_SEX, "F") -> 9 | AX24: =SUM(AV24:AW24) -> 22 | AY24: =SUM(AO24,AR24,AU24,AX24) -> 43
A25: 16 | B25: =GI!$H$17 -> Ermiyas Gebremeskel Hailu | E25: 59 | F25: =IF(E25>100,"SKURRR~!!", IF(A25>GI!$M$2," ", IF($D$6="-", " ", IF(ISBLANK(E25),"FALSE","")))) | I25: 16 | J25: =GI!$H$17 -> Ermiyas Gebremeskel Hailu | N25: =IF(M25>100,"SKURRR~!!", IF(I25>GI!$M$2," ", IF($L$6="-", " ", IF(ISBLANK(M25),"FALSE","")))) -> FALSE | R25: =E25 -> 59 | S25: =M25 -> 0 | T25: =AVERAGE(R25:S25) -> 29.5 | V25: 18 | W25: =GI!$H$19 -> Eyorsalem Afera Gebremedhin | X25: =GI!$I$19 -> F | Y25: =$R$27 -> 83 | Z25: =$R$161 -> 83 | AA25: =$R$294 -> 97 | AB25: =$R$361 -> 91 | AC25: =$R$428 -> 76 | AD25: =$R$562 -> 95 | AE25: =$R$696 -> 98 | AF25: =$R$763 -> 0 | AG25: =SUM(Y25:AE25) -> 623 | AH25: =AG25/7 -> 89 | AI25: =RANK(AH25, _1Q_AVERAGE) -> 2 | AJ25: =IF(AH25>=GI!$B$64, "PRO", "DET") -> PRO | AL25: PERCENTAG: | AM25: =AM24*100/$AU$5 -> 0 | AN25: =AN24*100/$AW$5 -> 0 | AO25: =AO24*100/$AY$5 -> 0 | AP25: =AP24*100/$AU$5 -> 19.230769 | AQ25: =AQ24*100/$AW$5 -> 11.764706 | AR25: =AR24*100/$AY$5 -> 16.27907 | AS25: =AS24*100/$AU$5 -> 30.769231 | AT25: =AT24*100/$AW$5 -> 35.294118 | AU25: =AU24*100/$AY$5 -> 32.55814 | AV25: =AV24*100/$AU$5 -> 50 | AW25: =AW24*100/$AW$5 -> 52.941176 | AX25: =AX24*100/$AY$5 -> 51.162791 | AY25: =SUM(AO25,AR25,AU25,AX25) -> 100
A26: 17 | B26: =GI!$H$18 -> Esrom Amanuel Tsegay | E26: 62 | F26: =IF(E26>100,"SKURRR~!!", IF(A26>GI!$M$2," ", IF($D$6="-", " ", IF(ISBLANK(E26),"FALSE","")))) | I26: 17 | J26: =GI!$H$18 -> Esrom Amanuel Tsegay | N26: =IF(M26>100,"SKURRR~!!", IF(I26>GI!$M$2," ", IF($L$6="-", " ", IF(ISBLANK(M26),"FALSE","")))) -> FALSE | R26: =E26 -> 62 | S26: =M26 -> 0 | T26: =AVERAGE(R26:S26) -> 31 | V26: 19 | W26: =GI!$H$20 -> Fasil Alem Kahsay | X26: =GI!$I$20 -> M | Y26: =$R$28 -> 62 | Z26: =$R$162 -> 55 | AA26: =$R$295 -> 80 | AB26: =$R$362 -> 63 | AC26: =$R$429 -> 56 | AD26: =$R$563 -> 65 | AE26: =$R$697 -> 75 | AF26: =$R$764 -> 0 | AG26: =SUM(Y26:AE26) -> 456 | AH26: =AG26/7 -> 65.142857 | AI26: =RANK(AH26, _1Q_AVERAGE) -> 36 | AJ26: =IF(AH26>=GI!$B$64, "PRO", "DET") -> PRO | AL26: =UPPER(GI!$B$16) -> -
A27: 18 | B27: =GI!$H$19 -> Eyorsalem Afera Gebremedhin | E27: 83 | F27: =IF(E27>100,"SKURRR~!!", IF(A27>GI!$M$2," ", IF($D$6="-", " ", IF(ISBLANK(E27),"FALSE","")))) | I27: 18 | J27: =GI!$H$19 -> Eyorsalem Afera Gebremedhin | N27: =IF(M27>100,"SKURRR~!!", IF(I27>GI!$M$2," ", IF($L$6="-", " ", IF(ISBLANK(M27),"FALSE","")))) -> FALSE | R27: =E27 -> 83 | S27: =M27 -> 0 | T27: =AVERAGE(R27:S27) -> 41.5 | V27: 20 | W27: =GI!$H$21 -> Hassen Abdelruhman Salih | X27: =GI!$I$21 -> M | Y27: =$R$29 -> 68 | Z27: =$R$163 -> 64 | AA27: =$R$296 -> 75 | AB27: =$R$363 -> 76 | AC27: =$R$430 -> 64 | AD27: =$R$564 -> 95 | AE27: =$R$698 -> 78 | AF27: =$R$765 -> 0 | AG27: =SUM(Y27:AE27) -> 520 | AH27: =AG27/7 -> 74.285714 | AI27: =RANK(AH27, _1Q_AVERAGE) -> 16 | AJ27: =IF(AH27>=GI!$B$64, "PRO", "DET") -> PRO | AL27: PERCENTAG:
A28: 19 | B28: =GI!$H$20 -> Fasil Alem Kahsay | E28: 62 | F28: =IF(E28>100,"SKURRR~!!", IF(A28>GI!$M$2," ", IF($D$6="-", " ", IF(ISBLANK(E28),"FALSE","")))) | I28: 19 | J28: =GI!$H$20 -> Fasil Alem Kahsay | N28: =IF(M28>100,"SKURRR~!!", IF(I28>GI!$M$2," ", IF($L$6="-", " ", IF(ISBLANK(M28),"FALSE","")))) -> FALSE | R28: =E28 -> 62 | S28: =M28 -> 0 | T28: =AVERAGE(R28:S28) -> 31 | V28: 21 | W28: =GI!$H$22 -> Heldana Mengstu Mebrahtu | X28: =GI!$I$22 -> F | Y28: =$R$30 -> 76 | Z28: =$R$164 -> 60 | AA28: =$R$297 -> 84 | AB28: =$R$364 -> 87 | AC28: =$R$431 -> 73 | AD28: =$R$565 -> 82 | AE28: =$R$699 -> 82 | AF28: =$R$766 -> 0 | AG28: =SUM(Y28:AE28) -> 544 | AH28: =AG28/7 -> 77.714286 | AI28: =RANK(AH28, _1Q_AVERAGE) -> 10 | AJ28: =IF(AH28>=GI!$B$64, "PRO", "DET") -> PRO | AL28: =UPPER(GI!$B$17) -> ACCOUNTING AND FINANCE | AM28: =COUNTIFS(_1Q_COL_11, $BA$6, _1Q_COL_11, $BC$6, _1Q_SEX, "M") -> 0 | AN28: =COUNTIFS(_1Q_COL_11, $BA$6, _1Q_COL_11, $BC$6, _1Q_SEX, "F") -> 0 | AO28: =SUM(AM28:AN28) -> 0 | AP28: =COUNTIFS(_1Q_COL_11, $BA$7, _1Q_COL_11, $BC$7, _1Q_SEX, "M") -> 12 | AQ28: =COUNTIFS(_1Q_COL_11, $BA$7, _1Q_COL_11, $BC$7, _1Q_SEX, "F") -> 5 | AR28: =SUM(AP28:AQ28) -> 17 | AS28: =COUNTIFS(_1Q_COL_11, $BA$8, _1Q_COL_11, $BC$8, _1Q_SEX, "M") -> 11 | AT28: =COUNTIFS(_1Q_COL_11, $BA$8, _1Q_COL_11, $BC$8, _1Q_SEX, "F") -> 8 | AU28: =SUM(AS28:AT28) -> 19 | AV28: =COUNTIFS(_1Q_COL_11, $BA$9, _1Q_COL_11, $BC$9, _1Q_SEX, "M") -> 3 | AW28: =COUNTIFS(_1Q_COL_11, $BA$9, _1Q_COL_11, $BC$9, _1Q_SEX, "F") -> 4 | AX28: =SUM(AV28:AW28) -> 7 | AY28: =SUM(AO28,AR28,AU28,AX28) -> 43
A29: 20 | B29: =GI!$H$21 -> Hassen Abdelruhman Salih | E29: 68 | F29: =IF(E29>100,"SKURRR~!!", IF(A29>GI!$M$2," ", IF($D$6="-", " ", IF(ISBLANK(E29),"FALSE","")))) | I29: 20 | J29: =GI!$H$21 -> Hassen Abdelruhman Salih | N29: =IF(M29>100,"SKURRR~!!", IF(I29>GI!$M$2," ", IF($L$6="-", " ", IF(ISBLANK(M29),"FALSE","")))) -> FALSE | R29: =E29 -> 68 | S29: =M29 -> 0 | T29: =AVERAGE(R29:S29) -> 34 | V29: 22 | W29: =GI!$H$23 -> Hilina Aregawi Abrha | X29: =GI!$I$23 -> F | Y29: =$R$31 -> 61 | Z29: =$R$165 -> 54 | AA29: =$R$298 -> 94 | AB29: =$R$365 -> 80 | AC29: =$R$432 -> 72 | AD29: =$R$566 -> 84 | AE29: =$R$700 -> 88 | AF29: =$R$767 -> 0 | AG29: =SUM(Y29:AE29) -> 533 | AH29: =AG29/7 -> 76.142857 | AI29: =RANK(AH29, _1Q_AVERAGE) -> 12 | AJ29: =IF(AH29>=GI!$B$64, "PRO", "DET") -> PRO | AL29: PERCENTAG: | AM29: =AM28*100/$AU$5 -> 0 | AN29: =AN28*100/$AW$5 -> 0 | AO29: =AO28*100/$AY$5 -> 0 | AP29: =AP28*100/$AU$5 -> 46.153846 | AQ29: =AQ28*100/$AW$5 -> 29.411765 | AR29: =AR28*100/$AY$5 -> 39.534884 | AS29: =AS28*100/$AU$5 -> 42.307692 | AT29: =AT28*100/$AW$5 -> 47.058824 | AU29: =AU28*100/$AY$5 -> 44.186047 | AV29: =AV28*100/$AU$5 -> 11.538462 | AW29: =AW28*100/$AW$5 -> 23.529412 | AX29: =AX28*100/$AY$5 -> 16.27907 | AY29: =SUM(AO29,AR29,AU29,AX29) -> 100
A30: 21 | B30: =GI!$H$22 -> Heldana Mengstu Mebrahtu | E30: 76 | F30: =IF(E30>100,"SKURRR~!!", IF(A30>GI!$M$2," ", IF($D$6="-", " ", IF(ISBLANK(E30),"FALSE","")))) | I30: 21 | J30: =GI!$H$22 -> Heldana Mengstu Mebrahtu | N30: =IF(M30>100,"SKURRR~!!", IF(I30>GI!$M$2," ", IF($L$6="-", " ", IF(ISBLANK(M30),"FALSE","")))) -> FALSE | R30: =E30 -> 76 | S30: =M30 -> 0 | T30: =AVERAGE(R30:S30) -> 38 | V30: 23 | W30: =GI!$H$24 -> Kaleab Haile Kahsay | X30: =GI!$I$24 -> M | Y30: =$R$32 -> 74 | Z30: =$R$166 -> 53 | AA30: =$R$299 -> 82 | AB30: =$R$366 -> 78 | AC30: =$R$433 -> 73 | AD30: =$R$567 -> 84 | AE30: =$R$701 -> 78 | AF30: =$R$768 -> 0 | AG30: =SUM(Y30:AE30) -> 522 | AH30: =AG30/7 -> 74.571429 | AI30: =RANK(AH30, _1Q_AVERAGE) -> 14 | AJ30: =IF(AH30>=GI!$B$64, "PRO", "DET") -> PRO | AL30: =UPPER(GI!$B$18) -> - | AM30: =COUNTIFS(_1Q_COL_12, $BA$6, _1Q_COL_12, $BC$6, _1Q_SEX, "M") -> 0 | AN30: =COUNTIFS(_1Q_COL_12, $BA$6, _1Q_COL_12, $BC$6, _1Q_SEX, "F") -> 0 | AO30: =SUM(AM30:AN30) -> 0 | AP30: =COUNTIFS(_1Q_COL_12, $BA$7, _1Q_COL_12, $BC$7, _1Q_SEX, "M") -> 0 | AQ30: =COUNTIFS(_1Q_COL_12, $BA$7, _1Q_COL_12, $BC$7, _1Q_SEX, "F") -> 0 | AR30: =SUM(AP30:AQ30) -> 0 | AS30: =COUNTIFS(_1Q_COL_12, $BA$8, _1Q_COL_12, $BC$8, _1Q_SEX, "M") -> 0 | AT30: =COUNTIFS(_1Q_COL_12, $BA$8, _1Q_COL_12, $BC$8, _1Q_SEX, "F") -> 0 | AU30: =SUM(AS30:AT30) -> 0 | AV30: =COUNTIFS(_1Q_COL_12, $BA$9, _1Q_COL_12, $BC$9, _1Q_SEX, "M") -> 0 | AW30: =COUNTIFS(_1Q_COL_12, $BA$9, _1Q_COL_12, $BC$9, _1Q_SEX, "F") -> 0 | AX30: =SUM(AV30:AW30) -> 0 | AY30: =SUM(AO30,AR30,AU30,AX30) -> 0
A31: 22 | B31: =GI!$H$23 -> Hilina Aregawi Abrha | E31: 61 | F31: =IF(E31>100,"SKURRR~!!", IF(A31>GI!$M$2," ", IF($D$6="-", " ", IF(ISBLANK(E31),"FALSE","")))) | I31: 22 | J31: =GI!$H$23 -> Hilina Aregawi Abrha | N31: =IF(M31>100,"SKURRR~!!", IF(I31>GI!$M$2," ", IF($L$6="-", " ", IF(ISBLANK(M31),"FALSE","")))) -> FALSE | R31: =E31 -> 61 | S31: =M31 -> 0 | T31: =AVERAGE(R31:S31) -> 30.5 | V31: 24 | W31: =GI!$H$25 -> Kalkidan Haile Berhe | X31: =GI!$I$25 -> F | Y31: =$R$33 -> 71 | Z31: =$R$167 -> 51 | AA31: =$R$300 -> 55 | AB31: =$R$367 -> 51 | AC31: =$R$434 -> 58 | AD31: =$R$568 -> 82 | AE31: =$R$702 -> 71 | AF31: =$R$769 -> 0 | AG31: =SUM(Y31:AE31) -> 439 | AH31: =AG31/7 -> 62.714286 | AI31: =RANK(AH31, _1Q_AVERAGE) -> 38 | AJ31: =IF(AH31>=GI!$B$64, "PRO", "DET") -> PRO | AL31: PERCENTAG: | AM31: =AM30*100/$AU$5 -> 0 | AN31: =AN30*100/$AW$5 -> 0 | AO31: =AO30*100/$AY$5 -> 0 | AP31: =AP30*100/$AU$5 -> 0 | AQ31: =AQ30*100/$AW$5 -> 0 | AR31: =AR30*100/$AY$5 -> 0 | AS31: =AS30*100/$AU$5 -> 0 | AT31: =AT30*100/$AW$5 -> 0 | AU31: =AU30*100/$AY$5 -> 0 | AV31: =AV30*100/$AU$5 -> 0 | AW31: =AW30*100/$AW$5 -> 0 | AX31: =AX30*100/$AY$5 -> 0 | AY31: =SUM(AO31,AR31,AU31,AX31) -> 0
A32: 23 | B32: =GI!$H$24 -> Kaleab Haile Kahsay | E32: 74 | F32: =IF(E32>100,"SKURRR~!!", IF(A32>GI!$M$2," ", IF($D$6="-", " ", IF(ISBLANK(E32),"FALSE","")))) | I32: 23 | J32: =GI!$H$24 -> Kaleab Haile Kahsay | N32: =IF(M32>100,"SKURRR~!!", IF(I32>GI!$M$2," ", IF($L$6="-", " ", IF(ISBLANK(M32),"FALSE","")))) -> FALSE | R32: =E32 -> 74 | S32: =M32 -> 0 | T32: =AVERAGE(R32:S32) -> 37 | V32: 25 | W32: =GI!$H$26 -> Kidus Tadesse Yewegalet | X32: =GI!$I$26 -> M | Y32: =$R$34 -> 59 | Z32: =$R$168 -> 60 | AA32: =$R$301 -> 74 | AB32: =$R$368 -> 72 | AC32: =$R$435 -> 53 | AD32: =$R$569 -> 82 | AE32: =$R$703 -> 76 | AF32: =$R$770 -> 0 | AG32: =SUM(Y32:AE32) -> 476 | AH32: =AG32/7 -> 68 | AI32: =RANK(AH32, _1Q_AVERAGE) -> 29 | AJ32: =IF(AH32>=GI!$B$64, "PRO", "DET") -> PRO
A33: 24 | B33: =GI!$H$25 -> Kalkidan Haile Berhe | E33: 71 | F33: =IF(E33>100,"SKURRR~!!", IF(A33>GI!$M$2," ", IF($D$6="-", " ", IF(ISBLANK(E33),"FALSE","")))) | I33: 24 | J33: =GI!$H$25 -> Kalkidan Haile Berhe | N33: =IF(M33>100,"SKURRR~!!", IF(I33>GI!$M$2," ", IF($L$6="-", " ", IF(ISBLANK(M33),"FALSE","")))) -> FALSE | R33: =E33 -> 71 | S33: =M33 -> 0 | T33: =AVERAGE(R33:S33) -> 35.5 | V33: 26 | W33: =GI!$H$27 -> Lidiya Mulu Gebreegzabher | X33: =GI!$I$27 -> F | Y33: =$R$35 -> 49 | Z33: =$R$169 -> 58 | AA33: =$R$302 -> 63 | AB33: =$R$369 -> 61 | AC33: =$R$436 -> 49 | AD33: =$R$570 -> 73 | AE33: =$R$704 -> 74 | AF33: =$R$771 -> 0 | AG33: =SUM(Y33:AE33) -> 427 | AH33: =AG33/7 -> 61 | AI33: =RANK(AH33, _1Q_AVERAGE) -> 40 | AJ33: =IF(AH33>=GI!$B$64, "PRO", "DET") -> PRO
A34: 25 | B34: =GI!$H$26 -> Kidus Tadesse Yewegalet | E34: 59 | F34: =IF(E34>100,"SKURRR~!!", IF(A34>GI!$M$2," ", IF($D$6="-", " ", IF(ISBLANK(E34),"FALSE","")))) | I34: 25 | J34: =GI!$H$26 -> Kidus Tadesse Yewegalet | N34: =IF(M34>100,"SKURRR~!!", IF(I34>GI!$M$2," ", IF($L$6="-", " ", IF(ISBLANK(M34),"FALSE","")))) -> FALSE | R34: =E34 -> 59 | S34: =M34 -> 0 | T34: =AVERAGE(R34:S34) -> 29.5 | V34: 27 | W34: =GI!$H$28 -> Menkem Solomon Yihdego | X34: =GI!$I$28 -> M | Y34: =$R$36 -> 48 | Z34: =$R$170 -> 60 | AA34: =$R$303 -> 69 | AB34: =$R$370 -> 71 | AC34: =$R$437 -> 72 | AD34: =$R$571 -> 86 | AE34: =$R$705 -> 63 | AF34: =$R$772 -> 0 | AG34: =SUM(Y34:AE34) -> 469 | AH34: =AG34/7 -> 67 | AI34: =RANK(AH34, _1Q_AVERAGE) -> 32 | AJ34: =IF(AH34>=GI!$B$64, "PRO", "DET") -> PRO | AL34: =CONCATENATE(GI!$B$54," : ","AVERAGE") -> 1st SEMESTER RESULT STATISTICS : AVERAGE
A35: 26 | B35: =GI!$H$27 -> Lidiya Mulu Gebreegzabher | E35: 49 | F35: =IF(E35>100,"SKURRR~!!", IF(A35>GI!$M$2," ", IF($D$6="-", " ", IF(ISBLANK(E35),"FALSE","")))) | I35: 26 | J35: =GI!$H$27 -> Lidiya Mulu Gebreegzabher | N35: =IF(M35>100,"SKURRR~!!", IF(I35>GI!$M$2," ", IF($L$6="-", " ", IF(ISBLANK(M35),"FALSE","")))) -> FALSE | R35: =E35 -> 49 | S35: =M35 -> 0 | T35: =AVERAGE(R35:S35) -> 24.5 | V35: 28 | W35: =GI!$H$29 -> Mewael Semere Tewelde | X35: =GI!$I$29 -> M | Y35: =$R$37 -> 77 | Z35: =$R$171 -> 57 | AA35: =$R$304 -> 80 | AB35: =$R$371 -> 71 | AC35: =$R$438 -> 65 | AD35: =$R$572 -> 88 | AE35: =$R$706 -> 73 | AF35: =$R$773 -> 0 | AG35: =SUM(Y35:AE35) -> 511 | AH35: =AG35/7 -> 73 | AI35: =RANK(AH35, _1Q_AVERAGE) -> 17 | AJ35: =IF(AH35>=GI!$B$64, "PRO", "DET") -> PRO
A36: 27 | B36: =GI!$H$28 -> Menkem Solomon Yihdego | E36: 48 | F36: =IF(E36>100,"SKURRR~!!", IF(A36>GI!$M$2," ", IF($D$6="-", " ", IF(ISBLANK(E36),"FALSE","")))) | I36: 27 | J36: =GI!$H$28 -> Menkem Solomon Yihdego | N36: =IF(M36>100,"SKURRR~!!", IF(I36>GI!$M$2," ", IF($L$6="-", " ", IF(ISBLANK(M36),"FALSE","")))) -> FALSE | R36: =E36 -> 48 | S36: =M36 -> 0 | T36: =AVERAGE(R36:S36) -> 24 | V36: 29 | W36: =GI!$H$30 -> Mikiyas Engida Mesfin | X36: =GI!$I$30 -> M | Y36: =$R$38 -> 62 | Z36: =$R$172 -> 63 | AA36: =$R$305 -> 70 | AB36: =$R$372 -> 69 | AC36: =$R$439 -> 57 | AD36: =$R$573 -> 85 | AE36: =$R$707 -> 68 | AF36: =$R$774 -> 0 | AG36: =SUM(Y36:AE36) -> 474 | AH36: =AG36/7 -> 67.714286 | AI36: =RANK(AH36, _1Q_AVERAGE) -> 30 | AJ36: =IF(AH36>=GI!$B$64, "PRO", "DET") -> PRO
A37: 28 | B37: =GI!$H$29 -> Mewael Semere Tewelde | E37: 77 | F37: =IF(E37>100,"SKURRR~!!", IF(A37>GI!$M$2," ", IF($D$6="-", " ", IF(ISBLANK(E37),"FALSE","")))) | I37: 28 | J37: =GI!$H$29 -> Mewael Semere Tewelde | N37: =IF(M37>100,"SKURRR~!!", IF(I37>GI!$M$2," ", IF($L$6="-", " ", IF(ISBLANK(M37),"FALSE","")))) -> FALSE | R37: =E37 -> 77 | S37: =M37 -> 0 | T37: =AVERAGE(R37:S37) -> 38.5 | V37: 30 | W37: =GI!$H$31 -> Nahom Gobezay Beyene | X37: =GI!$I$31 -> M | Y37: =$R$39 -> 85 | Z37: =$R$173 -> 90 | AA37: =$R$306 -> 98 | AB37: =$R$373 -> 96 | AC37: =$R$440 -> 91 | AD37: =$R$574 -> 97 | AE37: =$R$708 -> 86 | AF37: =$R$775 -> 0 | AG37: =SUM(Y37:AE37) -> 643 | AH37: =AG37/7 -> 91.857143 | AI37: =RANK(AH37, _1Q_AVERAGE) -> 1 | AJ37: =IF(AH37>=GI!$B$64, "PRO", "DET") -> PRO | AM37: =$BA$6 &" " & $BC$6 -> >=1 <55 | AP37: =$BA$7 &" " & $BC$7 -> >=55 <75 | AS37: =$BA$8 &" " & $BC$8 -> >=75 <85 | AV37: =$BA$9 &" " & $BC$9 -> >=85 <=100 | AY37: TOTAL
A38: 29 | B38: =GI!$H$30 -> Mikiyas Engida Mesfin | E38: 62 | F38: =IF(E38>100,"SKURRR~!!", IF(A38>GI!$M$2," ", IF($D$6="-", " ", IF(ISBLANK(E38),"FALSE","")))) | I38: 29 | J38: =GI!$H$30 -> Mikiyas Engida Mesfin | N38: =IF(M38>100,"SKURRR~!!", IF(I38>GI!$M$2," ", IF($L$6="-", " ", IF(ISBLANK(M38),"FALSE","")))) -> FALSE | R38: =E38 -> 62 | S38: =M38 -> 0 | T38: =AVERAGE(R38:S38) -> 31 | V38: 31 | W38: =GI!$H$32 -> Nebyu Dawit Tadesse | X38: =GI!$I$32 -> M | Y38: =$R$40 -> 84 | Z38: =$R$174 -> 61 | AA38: =$R$307 -> 92 | AB38: =$R$374 -> 84 | AC38: =$R$441 -> 77 | AD38: =$R$575 -> 93 | AE38: =$R$709 -> 72 | AF38: =$R$776 -> 0 | AG38: =SUM(Y38:AE38) -> 563 | AH38: =AG38/7 -> 80.428571 | AI38: =RANK(AH38, _1Q_AVERAGE) -> 5 | AJ38: =IF(AH38>=GI!$B$64, "PRO", "DET") -> PRO | AM38: M | AN38: F | AO38: T | AP38: M | AQ38: F | AR38: T | AS38: M | AT38: F | AU38: T | AV38: M | AW38: F | AX38: T
A39: 30 | B39: =GI!$H$31 -> Nahom Gobezay Beyene | E39: 85 | F39: =IF(E39>100,"SKURRR~!!", IF(A39>GI!$M$2," ", IF($D$6="-", " ", IF(ISBLANK(E39),"FALSE","")))) | I39: 30 | J39: =GI!$H$31 -> Nahom Gobezay Beyene | N39: =IF(M39>100,"SKURRR~!!", IF(I39>GI!$M$2," ", IF($L$6="-", " ", IF(ISBLANK(M39),"FALSE","")))) -> FALSE | R39: =E39 -> 85 | S39: =M39 -> 0 | T39: =AVERAGE(R39:S39) -> 42.5 | V39: 32 | W39: =GI!$H$33 -> Rahwa Luel Birhane | X39: =GI!$I$33 -> F | Y39: =$R$41 -> 70 | Z39: =$R$175 -> 65 | AA39: =$R$308 -> 81 | AB39: =$R$375 -> 94 | AC39: =$R$442 -> 78 | AD39: =$R$576 -> 88 | AE39: =$R$710 -> 79 | AF39: =$R$777 -> 0 | AG39: =SUM(Y39:AE39) -> 555 | AH39: =AG39/7 -> 79.285714 | AI39: =RANK(AH39, _1Q_AVERAGE) -> 7 | AJ39: =IF(AH39>=GI!$B$64, "PRO", "DET") -> PRO | AM39: =COUNTIFS(_1Q_AVERAGE, $BA$6, _1Q_AVERAGE, $BC$6, _1Q_SEX, "M") -> 0 | AN39: =COUNTIFS(_1Q_AVERAGE, $BA$6, _1Q_AVERAGE, $BC$6, _1Q_SEX, "F") -> 0 | AO39: =SUM(AM39:AN39) -> 0 | AP39: =COUNTIFS(_1Q_AVERAGE, $BA$7, _1Q_AVERAGE, $BC$7, _1Q_SEX, "M") -> 20 | AQ39: =COUNTIFS(_1Q_AVERAGE, $BA$7, _1Q_AVERAGE, $BC$7, _1Q_SEX, "F") -> 10 | AR39: =SUM(AP39:AQ39) -> 30 | AS39: =COUNTIFS(_1Q_AVERAGE, $BA$8, _1Q_AVERAGE, $BC$8, _1Q_SEX, "M") -> 5 | AT39: =COUNTIFS(_1Q_AVERAGE, $BA$8, _1Q_AVERAGE, $BC$8, _1Q_SEX, "F") -> 5 | AU39: =SUM(AS39:AT39) -> 10 | AV39: =COUNTIFS(_1Q_AVERAGE, $BA$9, _1Q_AVERAGE, $BC$9, _1Q_SEX, "M") -> 1 | AW39: =COUNTIFS(_1Q_AVERAGE, $BA$9, _1Q_AVERAGE, $BC$9, _1Q_SEX, "F") -> 2 | AX39: =SUM(AV39:AW39) -> 3 | AY39: =SUM(AO39,AR39,AU39,AX39) -> 43
A40: 31 | B40: =GI!$H$32 -> Nebyu Dawit Tadesse | E40: 84 | F40: =IF(E40>100,"SKURRR~!!", IF(A40>GI!$M$2," ", IF($D$6="-", " ", IF(ISBLANK(E40),"FALSE","")))) | I40: 31 | J40: =GI!$H$32 -> Nebyu Dawit Tadesse | N40: =IF(M40>100,"SKURRR~!!", IF(I40>GI!$M$2," ", IF($L$6="-", " ", IF(ISBLANK(M40),"FALSE","")))) -> FALSE | R40: =E40 -> 84 | S40: =M40 -> 0 | T40: =AVERAGE(R40:S40) -> 42 | V40: 33 | W40: =GI!$H$34 -> Raniya Jemal Gidey | X40: =GI!$I$34 -> F | Y40: =$R$42 -> 60 | Z40: =$R$176 -> 58 | AA40: =$R$309 -> 64 | AB40: =$R$376 -> 66 | AC40: =$R$443 -> 62 | AD40: =$R$577 -> 92 | AE40: =$R$711 -> 75 | AF40: =$R$778 -> 0 | AG40: =SUM(Y40:AE40) -> 477 | AH40: =AG40/7 -> 68.142857 | AI40: =RANK(AH40, _1Q_AVERAGE) -> 28 | AJ40: =IF(AH40>=GI!$B$64, "PRO", "DET") -> PRO | AL40: PERCENTAG: | AM40: =AM39*100/$AU$5 -> 0 | AN40: =AN39*100/$AW$5 -> 0 | AO40: =AO39*100/$AY$5 -> 0 | AP40: =AP39*100/$AU$5 -> 76.923077 | AQ40: =AQ39*100/$AW$5 -> 58.823529 | AR40: =AR39*100/$AY$5 -> 69.767442 | AS40: =AS39*100/$AU$5 -> 19.230769 | AT40: =AT39*100/$AW$5 -> 29.411765 | AU40: =AU39*100/$AY$5 -> 23.255814 | AV40: =AV39*100/$AU$5 -> 3.8461538 | AW40: =AW39*100/$AW$5 -> 11.764706 | AX40: =AX39*100/$AY$5 -> 6.9767442 | AY40: =SUM(AO40,AR40,AU40,AX40) -> 100
A41: 32 | B41: =GI!$H$33 -> Rahwa Luel Birhane | E41: 70 | F41: =IF(E41>100,"SKURRR~!!", IF(A41>GI!$M$2," ", IF($D$6="-", " ", IF(ISBLANK(E41),"FALSE","")))) | I41: 32 | J41: =GI!$H$33 -> Rahwa Luel Birhane | N41: =IF(M41>100,"SKURRR~!!", IF(I41>GI!$M$2," ", IF($L$6="-", " ", IF(ISBLANK(M41),"FALSE","")))) -> FALSE | R41: =E41 -> 70 | S41: =M41 -> 0 | T41: =AVERAGE(R41:S41) -> 35 | V41: 34 | W41: =GI!$H$35 -> Samrawit Weldeslassie Kidane | X41: =GI!$I$35 -> F | Y41: =$R$43 -> 70 | Z41: =$R$177 -> 54 | AA41: =$R$310 -> 56 | AB41: =$R$377 -> 75 | AC41: =$R$444 -> 59 | AD41: =$R$578 -> 88 | AE41: =$R$712 -> 58 | AF41: =$R$779 -> 0 | AG41: =SUM(Y41:AE41) -> 460 | AH41: =AG41/7 -> 65.714286 | AI41: =RANK(AH41, _1Q_AVERAGE) -> 34 | AJ41: =IF(AH41>=GI!$B$64, "PRO", "DET") -> PRO
A42: 33 | B42: =GI!$H$34 -> Raniya Jemal Gidey | E42: 60 | F42: =IF(E42>100,"SKURRR~!!", IF(A42>GI!$M$2," ", IF($D$6="-", " ", IF(ISBLANK(E42),"FALSE","")))) | I42: 33 | J42: =GI!$H$34 -> Raniya Jemal Gidey | N42: =IF(M42>100,"SKURRR~!!", IF(I42>GI!$M$2," ", IF($L$6="-", " ", IF(ISBLANK(M42),"FALSE","")))) -> FALSE | R42: =E42 -> 60 | S42: =M42 -> 0 | T42: =AVERAGE(R42:S42) -> 30 | V42: 35 | W42: =GI!$H$36 -> Samson Tekle Belay | X42: =GI!$I$36 -> M | Y42: =$R$44 -> 62 | Z42: =$R$178 -> 48 | AA42: =$R$311 -> 72 | AB42: =$R$378 -> 71 | AC42: =$R$445 -> 65 | AD42: =$R$579 -> 75 | AE42: =$R$713 -> 76 | AF42: =$R$780 -> 0 | AG42: =SUM(Y42:AE42) -> 469 | AH42: =AG42/7 -> 67 | AI42: =RANK(AH42, _1Q_AVERAGE) -> 32 | AJ42: =IF(AH42>=GI!$B$64, "PRO", "DET") -> PRO
A43: 34 | B43: =GI!$H$35 -> Samrawit Weldeslassie Kidane | E43: 70 | F43: =IF(E43>100,"SKURRR~!!", IF(A43>GI!$M$2," ", IF($D$6="-", " ", IF(ISBLANK(E43),"FALSE","")))) | I43: 34 | J43: =GI!$H$35 -> Samrawit Weldeslassie Kidane | N43: =IF(M43>100,"SKURRR~!!", IF(I43>GI!$M$2," ", IF($L$6="-", " ", IF(ISBLANK(M43),"FALSE","")))) -> FALSE | R43: =E43 -> 70 | S43: =M43 -> 0 | T43: =AVERAGE(R43:S43) -> 35 | V43: 36 | W43: =GI!$H$37 -> Sinados Solomon Kiflehadera | X43: =GI!$I$37 -> M | Y43: =$R$45 -> 68 | Z43: =$R$179 -> 49 | AA43: =$R$312 -> 66 | AB43: =$R$379 -> 68 | AC43: =$R$446 -> 59 | AD43: =$R$580 -> 58 | AE43: =$R$714 -> 70 | AF43: =$R$781 -> 0 | AG43: =SUM(Y43:AE43) -> 438 | AH43: =AG43/7 -> 62.571429 | AI43: =RANK(AH43, _1Q_AVERAGE) -> 39 | AJ43: =IF(AH43>=GI!$B$64, "PRO", "DET") -> PRO
A44: 35 | B44: =GI!$H$36 -> Samson Tekle Belay | E44: 62 | F44: =IF(E44>100,"SKURRR~!!", IF(A44>GI!$M$2," ", IF($D$6="-", " ", IF(ISBLANK(E44),"FALSE","")))) | I44: 35 | J44: =GI!$H$36 -> Samson Tekle Belay | N44: =IF(M44>100,"SKURRR~!!", IF(I44>GI!$M$2," ", IF($L$6="-", " ", IF(ISBLANK(M44),"FALSE","")))) -> FALSE | R44: =E44 -> 62 | S44: =M44 -> 0 | T44: =AVERAGE(R44:S44) -> 31 | V44: 37 | W44: =GI!$H$38 -> Yeabsira Rezene Gebrecherkos | X44: =GI!$I$38 -> M | Y44: =$R$46 -> 75 | Z44: =$R$180 -> 63 | AA44: =$R$313 -> 69 | AB44: =$R$380 -> 68 | AC44: =$R$447 -> 67 | AD44: =$R$581 -> 82 | AE44: =$R$715 -> 74 | AF44: =$R$782 -> 0 | AG44: =SUM(Y44:AE44) -> 498 | AH44: =AG44/7 -> 71.142857 | AI44: =RANK(AH44, _1Q_AVERAGE) -> 22 | AJ44: =IF(AH44>=GI!$B$64, "PRO", "DET") -> PRO
A45: 36 | B45: =GI!$H$37 -> Sinados Solomon Kiflehadera | E45: 68 | F45: =IF(E45>100,"SKURRR~!!", IF(A45>GI!$M$2," ", IF($D$6="-", " ", IF(ISBLANK(E45),"FALSE","")))) | I45: 36 | J45: =GI!$H$37 -> Sinados Solomon Kiflehadera | N45: =IF(M45>100,"SKURRR~!!", IF(I45>GI!$M$2," ", IF($L$6="-", " ", IF(ISBLANK(M45),"FALSE","")))) -> FALSE | R45: =E45 -> 68 | S45: =M45 -> 0 | T45: =AVERAGE(R45:S45) -> 34 | V45: 38 | W45: =GI!$H$39 -> Yohannes Gebregergis Weldegebriel | X45: =GI!$I$39 -> M | Y45: =$R$47 -> 58 | Z45: =$R$181 -> 61 | AA45: =$R$314 -> 76 | AB45: =$R$381 -> 65 | AC45: =$R$448 -> 63 | AD45: =$R$582 -> 75 | AE45: =$R$716 -> 73 | AF45: =$R$783 -> 0 | AG45: =SUM(Y45:AE45) -> 471 | AH45: =AG45/7 -> 67.285714 | AI45: =RANK(AH45, _1Q_AVERAGE) -> 31 | AJ45: =IF(AH45>=GI!$B$64, "PRO", "DET") -> PRO
A46: 37 | B46: =GI!$H$38 -> Yeabsira Rezene Gebrecherkos | E46: 75 | F46: =IF(E46>100,"SKURRR~!!", IF(A46>GI!$M$2," ", IF($D$6="-", " ", IF(ISBLANK(E46),"FALSE","")))) | I46: 37 | J46: =GI!$H$38 -> Yeabsira Rezene Gebrecherkos | N46: =IF(M46>100,"SKURRR~!!", IF(I46>GI!$M$2," ", IF($L$6="-", " ", IF(ISBLANK(M46),"FALSE","")))) -> FALSE | R46: =E46 -> 75 | S46: =M46 -> 0 | T46: =AVERAGE(R46:S46) -> 37.5 | V46: 39 | W46: =GI!$H$40 -> Yohanns Gebremedhin Aregawi | X46: =GI!$I$40 -> M | Y46: =$R$48 -> 64 | Z46: =$R$182 -> 64 | AA46: =$R$315 -> 73 | AB46: =$R$382 -> 72 | AC46: =$R$449 -> 56 | AD46: =$R$583 -> 88 | AE46: =$R$717 -> 82 | AF46: =$R$784 -> 0 | AG46: =SUM(Y46:AE46) -> 499 | AH46: =AG46/7 -> 71.285714 | AI46: =RANK(AH46, _1Q_AVERAGE) -> 21 | AJ46: =IF(AH46>=GI!$B$64, "PRO", "DET") -> PRO
A47: 38 | B47: =GI!$H$39 -> Yohannes Gebregergis Weldegebriel | E47: 58 | F47: =IF(E47>100,"SKURRR~!!", IF(A47>GI!$M$2," ", IF($D$6="-", " ", IF(ISBLANK(E47),"FALSE","")))) | I47: 38 | J47: =GI!$H$39 -> Yohannes Gebregergis Weldegebriel | N47: =IF(M47>100,"SKURRR~!!", IF(I47>GI!$M$2," ", IF($L$6="-", " ", IF(ISBLANK(M47),"FALSE","")))) -> FALSE | R47: =E47 -> 58 | S47: =M47 -> 0 | T47: =AVERAGE(R47:S47) -> 29 | V47: 40 | W47: =GI!$H$41 -> Yonatan Mulu Araya | X47: =GI!$I$41 -> M | Y47: =$R$49 -> 68 | Z47: =$R$183 -> 59 | AA47: =$R$316 -> 82 | AB47: =$R$383 -> 65 | AC47: =$R$450 -> 56 | AD47: =$R$584 -> 88 | AE47: =$R$718 -> 63 | AF47: =$R$785 -> 0 | AG47: =SUM(Y47:AE47) -> 481 | AH47: =AG47/7 -> 68.714286 | AI47: =RANK(AH47, _1Q_AVERAGE) -> 26 | AJ47: =IF(AH47>=GI!$B$64, "PRO", "DET") -> PRO
A48: 39 | B48: =GI!$H$40 -> Yohanns Gebremedhin Aregawi | E48: 64 | F48: =IF(E48>100,"SKURRR~!!", IF(A48>GI!$M$2," ", IF($D$6="-", " ", IF(ISBLANK(E48),"FALSE","")))) | I48: 39 | J48: =GI!$H$40 -> Yohanns Gebremedhin Aregawi | N48: =IF(M48>100,"SKURRR~!!", IF(I48>GI!$M$2," ", IF($L$6="-", " ", IF(ISBLANK(M48),"FALSE","")))) -> FALSE | R48: =E48 -> 64 | S48: =M48 -> 0 | T48: =AVERAGE(R48:S48) -> 32 | V48: 41 | W48: =GI!$H$42 -> Yordanos Weldeslassie Kidane | X48: =GI!$I$42 -> F | Y48: =$R$50 -> 66 | Z48: =$R$184 -> 63 | AA48: =$R$317 -> 81 | AB48: =$R$384 -> 69 | AC48: =$R$451 -> 57 | AD48: =$R$585 -> 83 | AE48: =$R$719 -> 77 | AF48: =$R$786 -> 0 | AG48: =SUM(Y48:AE48) -> 496 | AH48: =AG48/7 -> 70.857143 | AI48: =RANK(AH48, _1Q_AVERAGE) -> 23 | AJ48: =IF(AH48>=GI!$B$64, "PRO", "DET") -> PRO
A49: 40 | B49: =GI!$H$41 -> Yonatan Mulu Araya | E49: 68 | F49: =IF(E49>100,"SKURRR~!!", IF(A49>GI!$M$2," ", IF($D$6="-", " ", IF(ISBLANK(E49),"FALSE","")))) | I49: 40 | J49: =GI!$H$41 -> Yonatan Mulu Araya | N49: =IF(M49>100,"SKURRR~!!", IF(I49>GI!$M$2," ", IF($L$6="-", " ", IF(ISBLANK(M49),"FALSE","")))) -> FALSE | R49: =E49 -> 68 | S49: =M49 -> 0 | T49: =AVERAGE(R49:S49) -> 34 | V49: 42 | W49: =GI!$H$43 -> Yosef Mesfin Hailemicheal | X49: =GI!$I$43 -> M | Y49: =$R$51 -> 55 | Z49: =$R$185 -> 46 | AA49: =$R$318 -> 74 | AB49: =$R$385 -> 61 | AC49: =$R$452 -> 57 | AD49: =$R$586 -> 82 | AE49: =$R$720 -> 78 | AF49: =$R$787 -> 0 | AG49: =SUM(Y49:AE49) -> 453 | AH49: =AG49/7 -> 64.714286 | AI49: =RANK(AH49, _1Q_AVERAGE) -> 37 | AJ49: =IF(AH49>=GI!$B$64, "PRO", "DET") -> PRO
A50: 41 | B50: =GI!$H$42 -> Yordanos Weldeslassie Kidane | E50: 66 | F50: =IF(E50>100,"SKURRR~!!", IF(A50>GI!$M$2," ", IF($D$6="-", " ", IF(ISBLANK(E50),"FALSE","")))) | I50: 41 | J50: =GI!$H$42 -> Yordanos Weldeslassie Kidane | N50: =IF(M50>100,"SKURRR~!!", IF(I50>GI!$M$2," ", IF($L$6="-", " ", IF(ISBLANK(M50),"FALSE","")))) -> FALSE | R50: =E50 -> 66 | S50: =M50 -> 0 | T50: =AVERAGE(R50:S50) -> 33 | V50: 43 | W50: =GI!$H$44 -> Yudana Dawit Tsegay | X50: =GI!$I$44 -> F | Y50: =$R$52 -> 67 | Z50: =$R$186 -> 60 | AA50: =$R$319 -> 83 | AB50: =$R$386 -> 72 | AC50: =$R$453 -> 71 | AD50: =$R$587 -> 87 | AE50: =$R$721 -> 82 | AF50: =$R$788 -> 0 | AG50: =SUM(Y50:AE50) -> 522 | AH50: =AG50/7 -> 74.571429 | AI50: =RANK(AH50, _1Q_AVERAGE) -> 14 | AJ50: =IF(AH50>=GI!$B$64, "PRO", "DET") -> PRO
A51: 42 | B51: =GI!$H$43 -> Yosef Mesfin Hailemicheal | E51: 55 | F51: =IF(E51>100,"SKURRR~!!", IF(A51>GI!$M$2," ", IF($D$6="-", " ", IF(ISBLANK(E51),"FALSE","")))) | I51: 42 | J51: =GI!$H$43 -> Yosef Mesfin Hailemicheal | N51: =IF(M51>100,"SKURRR~!!", IF(I51>GI!$M$2," ", IF($L$6="-", " ", IF(ISBLANK(M51),"FALSE","")))) -> FALSE | R51: =E51 -> 55 | S51: =M51 -> 0 | T51: =AVERAGE(R51:S51) -> 27.5 | V51: 44 | W51: =GI!$H$45 -> 0 | X51: =GI!$I$45 -> 0 | Y51: =$R$53 -> 0 | Z51: =$R$187 -> 0 | AA51: =$R$320 -> 0 | AB51: =$R$387 -> 0 | AC51: =$R$454 -> 0 | AD51: =$R$588 -> 0 | AE51: =$R$722 -> 0 | AF51: =$R$789 -> 0 | AG51: =SUM(Y51:AE51) -> 0 | AH51: =AG51/7 -> 0 | AI51: =RANK(AH51, _1Q_AVERAGE) -> 44 | AJ51: =IF(AH51>=GI!$B$64, "PRO", "DET") -> DET
A52: 43 | B52: =GI!$H$44 -> Yudana Dawit Tsegay | E52: 67 | F52: =IF(E52>100,"SKURRR~!!", IF(A52>GI!$M$2," ", IF($D$6="-", " ", IF(ISBLANK(E52),"FALSE","")))) | I52: 43 | J52: =GI!$H$44 -> Yudana Dawit Tsegay | N52: =IF(M52>100,"SKURRR~!!", IF(I52>GI!$M$2," ", IF($L$6="-", " ", IF(ISBLANK(M52),"FALSE","")))) -> FALSE | R52: =E52 -> 67 | S52: =M52 -> 0 | T52: =AVERAGE(R52:S52) -> 33.5 | V52: 45 | W52: =GI!$H$46 -> 0 | X52: =GI!$I$46 -> 0 | Y52: =$R$54 -> 0 | Z52: =$R$188 -> 0 | AA52: =$R$321 -> 0 | AB52: =$R$388 -> 0 | AC52: =$R$455 -> 0 | AD52: =$R$589 -> 0 | AE52: =$R$723 -> 0 | AF52: =$R$790 -> 0 | AG52: =SUM(Y52:AE52) -> 0 | AH52: =AG52/7 -> 0 | AI52: =RANK(AH52, _1Q_AVERAGE) -> 44 | AJ52: =IF(AH52>=GI!$B$64, "PRO", "DET") -> DET
A53: 44 | B53: =GI!$H$45 -> 0 | F53: =IF(E53>100,"SKURRR~!!", IF(A53>GI!$M$2," ", IF($D$6="-", " ", IF(ISBLANK(E53),"FALSE","")))) | I53: 44 | J53: =GI!$H$45 -> 0 | N53: =IF(M53>100,"SKURRR~!!", IF(I53>GI!$M$2," ", IF($L$6="-", " ", IF(ISBLANK(M53),"FALSE","")))) | R53: =E53 -> 0 | S53: =M53 -> 0 | T53: =AVERAGE(R53:S53) -> 0 | V53: 46 | W53: =GI!$H$47 -> 0 | X53: =GI!$I$47 -> 0 | Y53: =$R$55 -> 0 | Z53: =$R$189 -> 0 | AA53: =$R$322 -> 0 | AB53: =$R$389 -> 0 | AC53: =$R$456 -> 0 | AD53: =$R$590 -> 0 | AE53: =$R$724 -> 0 | AF53: =$R$791 -> 0 | AG53: =SUM(Y53:AE53) -> 0 | AH53: =AG53/7 -> 0 | AI53: =RANK(AH53, _1Q_AVERAGE) -> 44 | AJ53: =IF(AH53>=GI!$B$64, "PRO", "DET") -> DET
A54: 45 | B54: =GI!$H$46 -> 0 | F54: =IF(E54>100,"SKURRR~!!", IF(A54>GI!$M$2," ", IF($D$6="-", " ", IF(ISBLANK(E54),"FALSE","")))) | I54: 45 | J54: =GI!$H$46 -> 0 | N54: =IF(M54>100,"SKURRR~!!", IF(I54>GI!$M$2," ", IF($L$6="-", " ", IF(ISBLANK(M54),"FALSE","")))) | R54: =E54 -> 0 | S54: =M54 -> 0 | T54: =AVERAGE(R54:S54) -> 0 | V54: 47 | W54: =GI!$H$48 -> 0 | X54: =GI!$I$48 -> 0 | Y54: =$R$56 -> 0 | Z54: =$R$190 -> 0 | AA54: =$R$323 -> 0 | AB54: =$R$390 -> 0 | AC54: =$R$457 -> 0 | AD54: =$R$591 -> 0 | AE54: =$R$725 -> 0 | AF54: =$R$792 -> 0 | AG54: =SUM(Y54:AE54) -> 0 | AH54: =AG54/7 -> 0 | AI54: =RANK(AH54, _1Q_AVERAGE) -> 44 | AJ54: =IF(AH54>=GI!$B$64, "PRO", "DET") -> DET
A55: 46 | B55: =GI!$H$47 -> 0 | F55: =IF(E55>100,"SKURRR~!!", IF(A55>GI!$M$2," ", IF($D$6="-", " ", IF(ISBLANK(E55),"FALSE","")))) | I55: 46 | J55: =GI!$H$47 -> 0 | N55: =IF(M55>100,"SKURRR~!!", IF(I55>GI!$M$2," ", IF($L$6="-", " ", IF(ISBLANK(M55),"FALSE","")))) | R55: =E55 -> 0 | S55: =M55 -> 0 | T55: =AVERAGE(R55:S55) -> 0 | V55: 48 | W55: =GI!$H$49 -> 0 | X55: =GI!$I$49 -> 0 | Y55: =$R$57 -> 0 | Z55: =$R$191 -> 0 | AA55: =$R$324 -> 0 | AB55: =$R$391 -> 0 | AC55: =$R$458 -> 0 | AD55: =$R$592 -> 0 | AE55: =$R$726 -> 0 | AF55: =$R$793 -> 0 | AG55: =SUM(Y55:AE55) -> 0 | AH55: =AG55/7 -> 0 | AI55: =RANK(AH55, _1Q_AVERAGE) -> 44 | AJ55: =IF(AH55>=GI!$B$64, "PRO", "DET") -> DET
A56: 47 | B56: =GI!$H$48 -> 0 | F56: =IF(E56>100,"SKURRR~!!", IF(A56>GI!$M$2," ", IF($D$6="-", " ", IF(ISBLANK(E56),"FALSE","")))) | I56: 47 | J56: =GI!$H$48 -> 0 | N56: =IF(M56>100,"SKURRR~!!", IF(I56>GI!$M$2," ", IF($L$6="-", " ", IF(ISBLANK(M56),"FALSE","")))) | R56: =E56 -> 0 | S56: =M56 -> 0 | T56: =AVERAGE(R56:S56) -> 0 | V56: 49 | W56: =GI!$H$50 -> 0 | X56: =GI!$I$50 -> 0 | Y56: =$R$58 -> 0 | Z56: =$R$192 -> 0 | AA56: =$R$325 -> 0 | AB56: =$R$392 -> 0 | AC56: =$R$459 -> 0 | AD56: =$R$593 -> 0 | AE56: =$R$727 -> 0 | AF56: =$R$794 -> 0 | AG56: =SUM(Y56:AE56) -> 0 | AH56: =AG56/7 -> 0 | AI56: =RANK(AH56, _1Q_AVERAGE) -> 44 | AJ56: =IF(AH56>=GI!$B$64, "PRO", "DET") -> DET
A57: 48 | B57: =GI!$H$49 -> 0 | F57: =IF(E57>100,"SKURRR~!!", IF(A57>GI!$M$2," ", IF($D$6="-", " ", IF(ISBLANK(E57),"FALSE","")))) | I57: 48 | J57: =GI!$H$49 -> 0 | N57: =IF(M57>100,"SKURRR~!!", IF(I57>GI!$M$2," ", IF($L$6="-", " ", IF(ISBLANK(M57),"FALSE","")))) | R57: =E57 -> 0 | S57: =M57 -> 0 | T57: =AVERAGE(R57:S57) -> 0 | V57: 50 | W57: =GI!$H$51 -> 0 | X57: =GI!$I$51 -> 0 | Y57: =$R$59 -> 0 | Z57: =$R$193 -> 0 | AA57: =$R$326 -> 0 | AB57: =$R$393 -> 0 | AC57: =$R$460 -> 0 | AD57: =$R$594 -> 0 | AE57: =$R$728 -> 0 | AF57: =$R$795 -> 0 | AG57: =SUM(Y57:AE57) -> 0 | AH57: =AG57/7 -> 0 | AI57: =RANK(AH57, _1Q_AVERAGE) -> 44 | AJ57: =IF(AH57>=GI!$B$64, "PRO", "DET") -> DET
A58: 49 | B58: =GI!$H$50 -> 0 | F58: =IF(E58>100,"SKURRR~!!", IF(A58>GI!$M$2," ", IF($D$6="-", " ", IF(ISBLANK(E58),"FALSE","")))) | I58: 49 | J58: =GI!$H$50 -> 0 | N58: =IF(M58>100,"SKURRR~!!", IF(I58>GI!$M$2," ", IF($L$6="-", " ", IF(ISBLANK(M58),"FALSE","")))) | R58: =E58 -> 0 | S58: =M58 -> 0 | T58: =AVERAGE(R58:S58) -> 0 | V58: 51 | W58: =GI!$H$52 -> 0 | X58: =GI!$I$52 -> 0 | Y58: =$R$60 -> 0 | Z58: =$R$199 -> 0 | AA58: =$R$332 -> 0 | AB58: =$R$399 -> 0 | AC58: =$R$466 -> 0 | AD58: =$R$600 -> 0 | AE58: =$R$734 -> 0 | AF58: =$R$801 -> 0 | AG58: =SUM(Y58:AE58) -> 0 | AH58: =AG58/7 -> 0 | AI58: =RANK(AH58, _1Q_AVERAGE) -> 44 | AJ58: =IF(AH58>=GI!$B$64, "PRO", "DET") -> DET
A59: 50 | B59: =GI!$H$51 -> 0 | F59: =IF(E59>100,"SKURRR~!!", IF(A59>GI!$M$2," ", IF($D$6="-", " ", IF(ISBLANK(E59),"FALSE","")))) | I59: 50 | J59: =GI!$H$51 -> 0 | N59: =IF(M59>100,"SKURRR~!!", IF(I59>GI!$M$2," ", IF($L$6="-", " ", IF(ISBLANK(M59),"FALSE","")))) | R59: =E59 -> 0 | S59: =M59 -> 0 | T59: =AVERAGE(R59:S59) -> 0 | V59: 52 | W59: =GI!$H$53 -> 0 | X59: =GI!$I$53 -> 0 | Y59: =$R$61 -> 0 | Z59: =$R$200 -> 0 | AA59: =$R$333 -> 0 | AB59: =$R$400 -> 0 | AC59: =$R$467 -> 0 | AD59: =$R$601 -> 0 | AE59: =$R$735 -> 0 | AF59: =$R$802 -> 0 | AG59: =SUM(Y59:AE59) -> 0 | AH59: =AG59/7 -> 0 | AI59: =RANK(AH59, _1Q_AVERAGE) -> 44 | AJ59: =IF(AH59>=GI!$B$64, "PRO", "DET") -> DET
A60: 51 | B60: =GI!$H$52 -> 0 | F60: =IF(E60>100,"SKURRR~!!", IF(A60>GI!$M$2," ", IF($D$6="-", " ", IF(ISBLANK(E60),"FALSE","")))) | I60: 51 | J60: =GI!$H$52 -> 0 | N60: =IF(M60>100,"SKURRR~!!", IF(I60>GI!$M$2," ", IF($L$6="-", " ", IF(ISBLANK(M60),"FALSE","")))) | R60: =E60 -> 0 | S60: =M60 -> 0 | T60: =AVERAGE(R60:S60) -> 0 | V60: 53 | W60: =GI!$H$54 -> 0 | X60: =GI!$I$54 -> 0 | Y60: =$R$62 -> 0 | Z60: =$R$201 -> 0 | AA60: =$R$334 -> 0 | AB60: =$R$401 -> 0 | AC60: =$R$468 -> 0 | AD60: =$R$602 -> 0 | AE60: =$R$736 -> 0 | AF60: =$R$803 -> 0 | AG60: =SUM(Y60:AE60) -> 0 | AH60: =AG60/7 -> 0 | AI60: =RANK(AH60, _1Q_AVERAGE) -> 44 | AJ60: =IF(AH60>=GI!$B$64, "PRO", "DET") -> DET
A61: 52 | B61: =GI!$H$53 -> 0 | F61: =IF(E61>100,"SKURRR~!!", IF(A61>GI!$M$2," ", IF($D$6="-", " ", IF(ISBLANK(E61),"FALSE","")))) | I61: 52 | J61: =GI!$H$53 -> 0 | N61: =IF(M61>100,"SKURRR~!!", IF(I61>GI!$M$2," ", IF($L$6="-", " ", IF(ISBLANK(M61),"FALSE","")))) | R61: =E61 -> 0 | S61: =M61 -> 0 | T61: =AVERAGE(R61:S61) -> 0 | V61: 54 | W61: =GI!$H$55 -> 0 | X61: =GI!$I$55 -> 0 | Y61: =$R$63 -> 0 | Z61: =$R$202 -> 0 | AA61: =$R$335 -> 0 | AB61: =$R$402 -> 0 | AC61: =$R$469 -> 0 | AD61: =$R$603 -> 0 | AE61: =$R$737 -> 0 | AF61: =$R$804 -> 0 | AG61: =SUM(Y61:AE61) -> 0 | AH61: =AG61/7 -> 0 | AI61: =RANK(AH61, _1Q_AVERAGE) -> 44 | AJ61: =IF(AH61>=GI!$B$64, "PRO", "DET") -> DET
A62: 53 | B62: =GI!$H$54 -> 0 | F62: =IF(E62>100,"SKURRR~!!", IF(A62>GI!$M$2," ", IF($D$6="-", " ", IF(ISBLANK(E62),"FALSE","")))) | I62: 53 | J62: =GI!$H$54 -> 0 | N62: =IF(M62>100,"SKURRR~!!", IF(I62>GI!$M$2," ", IF($L$6="-", " ", IF(ISBLANK(M62),"FALSE","")))) | R62: =E62 -> 0 | S62: =M62 -> 0 | T62: =AVERAGE(R62:S62) -> 0 | V62: 55 | W62: =GI!$H$56 -> 0 | X62: =GI!$I$56 -> 0 | Y62: =$R$64 -> 0 | Z62: =$R$203 -> 0 | AA62: =$R$336 -> 0 | AB62: =$R$403 -> 0 | AC62: =$R$470 -> 0 | AD62: =$R$604 -> 0 | AE62: =$R$738 -> 0 | AF62: =$R$805 -> 0 | AG62: =SUM(Y62:AE62) -> 0 | AH62: =AG62/7 -> 0 | AI62: =RANK(AH62, _1Q_AVERAGE) -> 44 | AJ62: =IF(AH62>=GI!$B$64, "PRO", "DET") -> DET
A63: 54 | B63: =GI!$H$55 -> 0 | F63: =IF(E63>100,"SKURRR~!!", IF(A63>GI!$M$2," ", IF($D$6="-", " ", IF(ISBLANK(E63),"FALSE","")))) | I63: 54 | J63: =GI!$H$55 -> 0 | N63: =IF(M63>100,"SKURRR~!!", IF(I63>GI!$M$2," ", IF($L$6="-", " ", IF(ISBLANK(M63),"FALSE","")))) | R63: =E63 -> 0 | S63: =M63 -> 0 | T63: =AVERAGE(R63:S63) -> 0
A64: 55 | B64: =GI!$H$56 -> 0 | F64: =IF(E64>100,"SKURRR~!!", IF(A64>GI!$M$2," ", IF($D$6="-", " ", IF(ISBLANK(E64),"FALSE","")))) | I64: 55 | J64: =GI!$H$56 -> 0 | N64: =IF(M64>100,"SKURRR~!!", IF(I64>GI!$M$2," ", IF($L$6="-", " ", IF(ISBLANK(M64),"FALSE","")))) | R64: =E64 -> 0 | S64: =M64 -> 0 | T64: =AVERAGE(R64:S64) -> 0 | AE64: =GI!$E$25 -> Biniam Desta | AG64: =GI!$B$65 & ":" -> Signature:
A65: Subject Teacher's Name: | D65: =GI!$C$7 -> Teklay Haile | I65: Subject Teacher's Name: | L65: =GI!$C$7 -> Teklay Haile | AE65: =GI!$D$25 -> Mr. Brhane Yohanes | AG65: =GI!$B$65 & ":" -> Signature: | AK65: é | AL65: =CONCATENATE(GI!$D$1, " GRADE ", GI!$A$3,GI!$C$3," ", GI!$B$55) -> SHEBA ACADEMY GRADE 11D 2nd SEMESTER RESULT STATISTICS
A66: =GI!$D$23 &":" -> Academic Director's Name: | D66: =GI!$D$25 -> Mr. Brhane Yohanes | I66: =GI!$D$23 &":" -> Academic Director's Name: | L66: =GI!$D$25 -> Mr. Brhane Yohanes
AK67: ê | AT67: MALE: | AU67: =COUNTIFS(_2Q_SEX, "M") -> 26 | AV67: FEMALE: | AW67: =COUNTIFS(_2Q_SEX, "F") -> 17 | AX67: TOTAL: | AY67: =SUM(AU67,AW67) -> 43
A68: =GI!$D$1 -> SHEBA ACADEMY | I68: =GI!$D$1 -> SHEBA ACADEMY | AL68: SUBJECT | AM68: =$BA$6 &" " & $BC$6 -> >=1 <55 | AP68: =$BA$7 &" " & $BC$7 -> >=55 <75 | AS68: =$BA$8 &" " & $BC$8 -> >=75 <85 | AV68: =$BA$9 &" " & $BC$9 -> >=85 <=100 | AY68: TOTAL
AM69: M | AN69: F | AO69: T | AP69: M | AQ69: F | AR69: T | AS69: M | AT69: F | AU69: T | AV69: M | AW69: F | AX69: T
A70: =$A$3 -> 3rd Cycle & General Secondary School | I70: =$A$3 -> 3rd Cycle & General Secondary School | V70: =CONCATENATE(GI!$A$3, " ", GI!$C$3) -> 11 D | X70: =GI!$A$38 -> SHEBA ACADEMY 2025/26 G.C ACADEMEC YEAR | AL70: =UPPER(GI!$B$7) -> ENGLISH | AM70: =COUNTIFS(_2Q_COL_1, $BA$6, _2Q_COL_1, $BC$6, _2Q_SEX, "M") -> 0 | AN70: =COUNTIFS(_2Q_COL_1, $BA$6, _2Q_COL_1, $BC$6, _2Q_SEX, "F") -> 0 | AO70: =SUM(AM70:AN70) -> 0 | AP70: =COUNTIFS(_2Q_COL_1, $BA$7, _2Q_COL_1, $BC$7, _2Q_SEX, "M") -> 0 | AQ70: =COUNTIFS(_2Q_COL_1, $BA$7, _2Q_COL_1, $BC$7, _2Q_SEX, "F") -> 0 | AR70: =SUM(AP70:AQ70) -> 0 | AS70: =COUNTIFS(_2Q_COL_1, $BA$8, _2Q_COL_1, $BC$8, _2Q_SEX, "M") -> 0 | AT70: =COUNTIFS(_2Q_COL_1, $BA$8, _2Q_COL_1, $BC$8, _2Q_SEX, "F") -> 0 | AU70: =SUM(AS70:AT70) -> 0 | AV70: =COUNTIFS(_2Q_COL_1, $BA$9, _2Q_COL_1, $BC$9, _2Q_SEX, "M") -> 0 | AW70: =COUNTIFS(_2Q_COL_1, $BA$9, _2Q_COL_1, $BC$9, _2Q_SEX, "F") -> 0 | AX70: =SUM(AV70:AW70) -> 0 | AY70: =SUM(AO70,AR70,AU70,AX70) -> 0
A71: =$A$4 -> Mark Transfer Sheet | I71: =$A$4 -> Mark Transfer Sheet | AL71: PERCENTAG: | AM71: =AM70*100/$AU$67 -> 0 | AN71: =AN70*100/$AW$67 -> 0 | AO71: =AO70*100/$AY$67 -> 0 | AP71: =AP70*100/$AU$67 -> 0 | AQ71: =AQ70*100/$AW$67 -> 0 | AR71: =AR70*100/$AY$67 -> 0 | AS71: =AS70*100/$AU$67 -> 0 | AT71: =AT70*100/$AW$67 -> 0 | AU71: =AU70*100/$AY$67 -> 0 | AV71: =AV70*100/$AU$67 -> 0 | AW71: =AW70*100/$AW$67 -> 0 | AX71: =AX70*100/$AY$67 -> 0 | AY71: =SUM(AO71,AR71,AU71,AX71) -> 0
A72: 2 | C72: Grade: | D72: =GI!$A$3&" "&GI!$C$3 -> 11 D | F72: ê | G72: é | I72: 2 | K72: Grade: | L72: =GI!$A$3&" "&GI!$C$3 -> 11 D | N72: ê | O72: é | X72: =GI!$A$40 -> 2nd SEMESTER ROSTER | AL72: =UPPER(GI!$B$8) -> -
C73: Subject: | D73: =UPPER(GI!$B$8) -> - | K73: Subject: | L73: =UPPER(GI!$B$8) -> - | V73: # | W73: =GI!$H$1 -> Students' Names | AL73: PERCENTAG:
B74: =GI!$A$34& ":" -> Academic Year: | C74: =GI!$C$34 -> 2025/26 G.C | D74: 1st SEMESTER | J74: =GI!$A$34& ":" -> Academic Year: | K74: =GI!$C$34 -> 2025/26 G.C | L74: 2nd SEMESTER | X74: SEX | Y74: =UPPER(LEFT(GI!$B$7, GI!$B$63)) -> ENG | Z74: =UPPER(LEFT(GI!$B$9, GI!$B$63)) -> MAT | AA74: =UPPER(LEFT(GI!$B$11, GI!$B$63)) -> HIS | AB74: =UPPER(LEFT(GI!$B$12, GI!$B$63)) -> GEO | AC74: =UPPER(LEFT(GI!$B$13, GI!$B$63)) -> ECO | AD74: =UPPER(LEFT(GI!$B$15, GI!$B$63)) -> ICT | AE74: =UPPER(LEFT(GI!$B$17, GI!$B$63)) -> ACC | AF74: =UPPER(LEFT(GI!$B$18, GI!$B$63)) -> - | AG74: TOTAL | AH74: AVERAGE | AI74: RANK | AJ74: STATUS | AL74: =UPPER(GI!$B$9) -> MATHEMATICS | AM74: =COUNTIFS(_2Q_COL_3, $BA$6, _2Q_COL_3, $BC$6, _2Q_SEX, "M") -> 0 | AN74: =COUNTIFS(_2Q_COL_3, $BA$6, _2Q_COL_3, $BC$6, _2Q_SEX, "F") -> 0 | AO74: =SUM(AM74:AN74) -> 0 | AP74: =COUNTIFS(_2Q_COL_3, $BA$7, _2Q_COL_3, $BC$7, _2Q_SEX, "M") -> 0 | AQ74: =COUNTIFS(_2Q_COL_3, $BA$7, _2Q_COL_3, $BC$7, _2Q_SEX, "F") -> 0 | AR74: =SUM(AP74:AQ74) -> 0 | AS74: =COUNTIFS(_2Q_COL_3, $BA$8, _2Q_COL_3, $BC$8, _2Q_SEX, "M") -> 0 | AT74: =COUNTIFS(_2Q_COL_3, $BA$8, _2Q_COL_3, $BC$8, _2Q_SEX, "F") -> 0 | AU74: =SUM(AS74:AT74) -> 0 | AV74: =COUNTIFS(_2Q_COL_3, $BA$9, _2Q_COL_3, $BC$9, _2Q_SEX, "M") -> 0 | AW74: =COUNTIFS(_2Q_COL_3, $BA$9, _2Q_COL_3, $BC$9, _2Q_SEX, "F") -> 0 | AX74: =SUM(AV74:AW74) -> 0 | AY74: =SUM(AO74,AR74,AU74,AX74) -> 0
A75: # | B75: =GI!$H$1 -> Students' Names | C75: Marks | I75: # | J75: =GI!$H$1 -> Students' Names | K75: Marks | V75: 1 | W75: =GI!$H$2 -> Amanuel Hagos Tesfay | X75: =GI!$I$2 -> M | Y75: =$S$10 -> 0 | Z75: =$S$144 -> 0 | AA75: =$S$277 -> 0 | AB75: =$S$344 -> 0 | AC75: =$S$411 -> 0 | AD75: =$S$545 -> 0 | AE75: =$S$679 -> 0 | AF75: =$S$746 -> 0 | AG75: =SUM(Y75:AE75) -> 0 | AH75: =AG75/7 -> 0 | AI75: =RANK(AH75, _2Q_AVERAGE) -> 1 | AJ75: =IF(AH75>=GI!$B$64, "PRO", "DET") -> DET | AL75: PERCENTAG: | AM75: =AM74*100/$AU$67 -> 0 | AN75: =AN74*100/$AW$67 -> 0 | AO75: =AO74*100/$AY$67 -> 0 | AP75: =AP74*100/$AU$67 -> 0 | AQ75: =AQ74*100/$AW$67 -> 0 | AR75: =AR74*100/$AY$67 -> 0 | AS75: =AS74*100/$AU$67 -> 0 | AT75: =AT74*100/$AW$67 -> 0 | AU75: =AU74*100/$AY$67 -> 0 | AV75: =AV74*100/$AU$67 -> 0 | AW75: =AW74*100/$AW$67 -> 0 | AX75: =AX74*100/$AY$67 -> 0 | AY75: =SUM(AO75,AR75,AU75,AX75) -> 0
C76: 0.4 | D76: 0.6 | E76: =SUM(C76:D76) -> 1 | K76: 0.4 | L76: 0.6 | M76: =SUM(K76:L76) -> 1 | R76: =$D$7 -> 1st SEMESTER | S76: =$L$7 -> 2nd SEMESTER | T76: SEMESTER-I | V76: 2 | W76: =GI!$H$3 -> Beamlak Sultan Weldegebriel | X76: =GI!$I$3 -> M | Y76: =$S$11 -> 0 | Z76: =$S$145 -> 0 | AA76: =$S$278 -> 0 | AB76: =$S$345 -> 0 | AC76: =$S$412 -> 0 | AD76: =$S$546 -> 0 | AE76: =$S$680 -> 0 | AF76: =$S$747 -> 0 | AG76: =SUM(Y76:AE76) -> 0 | AH76: =AG76/7 -> 0 | AI76: =RANK(AH76, _2Q_AVERAGE) -> 1 | AJ76: =IF(AH76>=GI!$B$64, "PRO", "DET") -> DET | AL76: =UPPER(GI!$B$10) -> -
A77: 1 | B77: =GI!$H$2 -> Amanuel Hagos Tesfay | F77: =IF(E77>100,"SKURRR~!!", IF(A77>GI!$M$2," ", IF($D$73="-", " ", IF(ISBLANK(E77),"FALSE","")))) | I77: 1 | J77: =GI!$H$2 -> Amanuel Hagos Tesfay | N77: =IF(M77>100,"SKURRR~!!", IF(I77>GI!$M$2," ", IF($L$73="-", " ", IF(ISBLANK(M77),"FALSE","")))) | R77: =E77 -> 0 | S77: =M77 -> 0 | T77: =AVERAGE(R77:S77) -> 0 | V77: 3 | W77: =GI!$H$4 -> Betelihim Kalayu Mamo | X77: =GI!$I$4 -> F | Y77: =$S$12 -> 0 | Z77: =$S$146 -> 0 | AA77: =$S$279 -> 0 | AB77: =$S$346 -> 0 | AC77: =$S$413 -> 0 | AD77: =$S$547 -> 0 | AE77: =$S$681 -> 0 | AF77: =$S$748 -> 0 | AG77: =SUM(Y77:AE77) -> 0 | AH77: =AG77/7 -> 0 | AI77: =RANK(AH77, _2Q_AVERAGE) -> 1 | AJ77: =IF(AH77>=GI!$B$64, "PRO", "DET") -> DET | AL77: PERCENTAG:
A78: 2 | B78: =GI!$H$3 -> Beamlak Sultan Weldegebriel | F78: =IF(E78>100,"SKURRR~!!", IF(A78>GI!$M$2," ", IF($D$73="-", " ", IF(ISBLANK(E78),"FALSE","")))) | I78: 2 | J78: =GI!$H$3 -> Beamlak Sultan Weldegebriel | N78: =IF(M78>100,"SKURRR~!!", IF(I78>GI!$M$2," ", IF($L$73="-", " ", IF(ISBLANK(M78),"FALSE","")))) | R78: =E78 -> 0 | S78: =M78 -> 0 | T78: =AVERAGE(R78:S78) -> 0 | V78: 4 | W78: =GI!$H$5 -> Bethelhem Teklay Weldegerima | X78: =GI!$I$5 -> F | Y78: =$S$13 -> 0 | Z78: =$S$147 -> 0 | AA78: =$S$280 -> 0 | AB78: =$S$347 -> 0 | AC78: =$S$414 -> 0 | AD78: =$S$548 -> 0 | AE78: =$S$682 -> 0 | AF78: =$S$749 -> 0 | AG78: =SUM(Y78:AE78) -> 0 | AH78: =AG78/7 -> 0 | AI78: =RANK(AH78, _2Q_AVERAGE) -> 1 | AJ78: =IF(AH78>=GI!$B$64, "PRO", "DET") -> DET | AL78: =UPPER(GI!$B$11) -> HISTORY | AM78: =COUNTIFS(_2Q_COL_5, $BA$6, _2Q_COL_5, $BC$6, _2Q_SEX, "M") -> 0 | AN78: =COUNTIFS(_2Q_COL_5, $BA$6, _2Q_COL_5, $BC$6, _2Q_SEX, "F") -> 0 | AO78: =SUM(AM78:AN78) -> 0 | AP78: =COUNTIFS(_2Q_COL_5, $BA$7, _2Q_COL_5, $BC$7, _2Q_SEX, "M") -> 0 | AQ78: =COUNTIFS(_2Q_COL_5, $BA$7, _2Q_COL_5, $BC$7, _2Q_SEX, "F") -> 0 | AR78: =SUM(AP78:AQ78) -> 0 | AS78: =COUNTIFS(_2Q_COL_5, $BA$8, _2Q_COL_5, $BC$8, _2Q_SEX, "M") -> 0 | AT78: =COUNTIFS(_2Q_COL_5, $BA$8, _2Q_COL_5, $BC$8, _2Q_SEX, "F") -> 0 | AU78: =SUM(AS78:AT78) -> 0 | AV78: =COUNTIFS(_2Q_COL_5, $BA$9, _2Q_COL_5, $BC$9, _2Q_SEX, "M") -> 0 | AW78: =COUNTIFS(_2Q_COL_5, $BA$9, _2Q_COL_5, $BC$9, _2Q_SEX, "F") -> 0 | AX78: =SUM(AV78:AW78) -> 0 | AY78: =SUM(AO78,AR78,AU78,AX78) -> 0
A79: 3 | B79: =GI!$H$4 -> Betelihim Kalayu Mamo | F79: =IF(E79>100,"SKURRR~!!", IF(A79>GI!$M$2," ", IF($D$73="-", " ", IF(ISBLANK(E79),"FALSE","")))) | I79: 3 | J79: =GI!$H$4 -> Betelihim Kalayu Mamo | N79: =IF(M79>100,"SKURRR~!!", IF(I79>GI!$M$2," ", IF($L$73="-", " ", IF(ISBLANK(M79),"FALSE","")))) | R79: =E79 -> 0 | S79: =M79 -> 0 | T79: =AVERAGE(R79:S79) -> 0 | V79: 5 | W79: =GI!$H$6 -> Bilen Mesfin Taye | X79: =GI!$I$6 -> F | Y79: =$S$14 -> 0 | Z79: =$S$148 -> 0 | AA79: =$S$281 -> 0 | AB79: =$S$348 -> 0 | AC79: =$S$415 -> 0 | AD79: =$S$549 -> 0 | AE79: =$S$683 -> 0 | AF79: =$S$750 -> 0 | AG79: =SUM(Y79:AE79) -> 0 | AH79: =AG79/7 -> 0 | AI79: =RANK(AH79, _2Q_AVERAGE) -> 1 | AJ79: =IF(AH79>=GI!$B$64, "PRO", "DET") -> DET | AL79: PERCENTAG: | AM79: =AM78*100/$AU$67 -> 0 | AN79: =AN78*100/$AW$67 -> 0 | AO79: =AO78*100/$AY$67 -> 0 | AP79: =AP78*100/$AU$67 -> 0 | AQ79: =AQ78*100/$AW$67 -> 0 | AR79: =AR78*100/$AY$67 -> 0 | AS79: =AS78*100/$AU$67 -> 0 | AT79: =AT78*100/$AW$67 -> 0 | AU79: =AU78*100/$AY$67 -> 0 | AV79: =AV78*100/$AU$67 -> 0 | AW79: =AW78*100/$AW$67 -> 0 | AX79: =AX78*100/$AY$67 -> 0 | AY79: =SUM(AO79,AR79,AU79,AX79) -> 0
A80: 4 | B80: =GI!$H$5 -> Bethelhem Teklay Weldegerima | F80: =IF(E80>100,"SKURRR~!!", IF(A80>GI!$M$2," ", IF($D$73="-", " ", IF(ISBLANK(E80),"FALSE","")))) | I80: 4 | J80: =GI!$H$5 -> Bethelhem Teklay Weldegerima | N80: =IF(M80>100,"SKURRR~!!", IF(I80>GI!$M$2," ", IF($L$73="-", " ", IF(ISBLANK(M80),"FALSE","")))) | R80: =E80 -> 0 | S80: =M80 -> 0 | T80: =AVERAGE(R80:S80) -> 0 | V80: 6 | W80: =GI!$H$7 -> Biruk Mulat Kiros | X80: =GI!$I$7 -> M | Y80: =$S$15 -> 0 | Z80: =$S$149 -> 0 | AA80: =$S$282 -> 0 | AB80: =$S$349 -> 0 | AC80: =$S$416 -> 0 | AD80: =$S$550 -> 0 | AE80: =$S$684 -> 0 | AF80: =$S$751 -> 0 | AG80: =SUM(Y80:AE80) -> 0 | AH80: =AG80/7 -> 0 | AI80: =RANK(AH80, _2Q_AVERAGE) -> 1 | AJ80: =IF(AH80>=GI!$B$64, "PRO", "DET") -> DET | AL80: =UPPER(GI!$B$12) -> GEOGRAPHY | AM80: =COUNTIFS(_2Q_COL_6, $BA$6, _2Q_COL_6, $BC$6, _2Q_SEX, "M") -> 0 | AN80: =COUNTIFS(_2Q_COL_6, $BA$6, _2Q_COL_6, $BC$6, _2Q_SEX, "F") -> 0 | AO80: =SUM(AM80:AN80) -> 0 | AP80: =COUNTIFS(_2Q_COL_6, $BA$7, _2Q_COL_6, $BC$7, _2Q_SEX, "M") -> 0 | AQ80: =COUNTIFS(_2Q_COL_6, $BA$7, _2Q_COL_6, $BC$7, _2Q_SEX, "F") -> 0 | AR80: =SUM(AP80:AQ80) -> 0 | AS80: =COUNTIFS(_2Q_COL_6, $BA$8, _2Q_COL_6, $BC$8, _2Q_SEX, "M") -> 0 | AT80: =COUNTIFS(_2Q_COL_6, $BA$8, _2Q_COL_6, $BC$8, _2Q_SEX, "F") -> 0 | AU80: =SUM(AS80:AT80) -> 0 | AV80: =COUNTIFS(_2Q_COL_6, $BA$9, _2Q_COL_6, $BC$9, _2Q_SEX, "M") -> 0 | AW80: =COUNTIFS(_2Q_COL_6, $BA$9, _2Q_COL_6, $BC$9, _2Q_SEX, "F") -> 0 | AX80: =SUM(AV80:AW80) -> 0 | AY80: =SUM(AO80,AR80,AU80,AX80) -> 0
A81: 5 | B81: =GI!$H$6 -> Bilen Mesfin Taye | F81: =IF(E81>100,"SKURRR~!!", IF(A81>GI!$M$2," ", IF($D$73="-", " ", IF(ISBLANK(E81),"FALSE","")))) | I81: 5 | J81: =GI!$H$6 -> Bilen Mesfin Taye | N81: =IF(M81>100,"SKURRR~!!", IF(I81>GI!$M$2," ", IF($L$73="-", " ", IF(ISBLANK(M81),"FALSE","")))) | R81: =E81 -> 0 | S81: =M81 -> 0 | T81: =AVERAGE(R81:S81) -> 0 | V81: 7 | W81: =GI!$H$8 -> Bruk Gebreabyezgi Gebreselassie | X81: =GI!$I$8 -> M | Y81: =$S$16 -> 0 | Z81: =$S$150 -> 0 | AA81: =$S$283 -> 0 | AB81: =$S$350 -> 0 | AC81: =$S$417 -> 0 | AD81: =$S$551 -> 0 | AE81: =$S$685 -> 0 | AF81: =$S$752 -> 0 | AG81: =SUM(Y81:AE81) -> 0 | AH81: =AG81/7 -> 0 | AI81: =RANK(AH81, _2Q_AVERAGE) -> 1 | AJ81: =IF(AH81>=GI!$B$64, "PRO", "DET") -> DET | AL81: PERCENTAG: | AM81: =AM80*100/$AU$67 -> 0 | AN81: =AN80*100/$AW$67 -> 0 | AO81: =AO80*100/$AY$67 -> 0 | AP81: =AP80*100/$AU$67 -> 0 | AQ81: =AQ80*100/$AW$67 -> 0 | AR81: =AR80*100/$AY$67 -> 0 | AS81: =AS80*100/$AU$67 -> 0 | AT81: =AT80*100/$AW$67 -> 0 | AU81: =AU80*100/$AY$67 -> 0 | AV81: =AV80*100/$AU$67 -> 0 | AW81: =AW80*100/$AW$67 -> 0 | AX81: =AX80*100/$AY$67 -> 0 | AY81: =SUM(AO81,AR81,AU81,AX81) -> 0
A82: 6 | B82: =GI!$H$7 -> Biruk Mulat Kiros | F82: =IF(E82>100,"SKURRR~!!", IF(A82>GI!$M$2," ", IF($D$73="-", " ", IF(ISBLANK(E82),"FALSE","")))) | I82: 6 | J82: =GI!$H$7 -> Biruk Mulat Kiros | N82: =IF(M82>100,"SKURRR~!!", IF(I82>GI!$M$2," ", IF($L$73="-", " ", IF(ISBLANK(M82),"FALSE","")))) | R82: =E82 -> 0 | S82: =M82 -> 0 | T82: =AVERAGE(R82:S82) -> 0 | V82: 8 | W82: =GI!$H$9 -> Dagim Hagos Mehari | X82: =GI!$I$9 -> M | Y82: =$S$17 -> 0 | Z82: =$S$151 -> 0 | AA82: =$S$284 -> 0 | AB82: =$S$351 -> 0 | AC82: =$S$418 -> 0 | AD82: =$S$552 -> 0 | AE82: =$S$686 -> 0 | AF82: =$S$753 -> 0 | AG82: =SUM(Y82:AE82) -> 0 | AH82: =AG82/7 -> 0 | AI82: =RANK(AH82, _2Q_AVERAGE) -> 1 | AJ82: =IF(AH82>=GI!$B$64, "PRO", "DET") -> DET | AL82: =UPPER(GI!$B$13) -> ECONOMICS | AM82: =COUNTIFS(_2Q_COL_7, $BA$6, _2Q_COL_7, $BC$6, _2Q_SEX, "M") -> 0 | AN82: =COUNTIFS(_2Q_COL_7, $BA$6, _2Q_COL_7, $BC$6, _2Q_SEX, "F") -> 0 | AO82: =SUM(AM82:AN82) -> 0 | AP82: =COUNTIFS(_2Q_COL_7, $BA$7, _2Q_COL_7, $BC$7, _2Q_SEX, "M") -> 0 | AQ82: =COUNTIFS(_2Q_COL_7, $BA$7, _2Q_COL_7, $BC$7, _2Q_SEX, "F") -> 0 | AR82: =SUM(AP82:AQ82) -> 0 | AS82: =COUNTIFS(_2Q_COL_7, $BA$8, _2Q_COL_7, $BC$8, _2Q_SEX, "M") -> 0 | AT82: =COUNTIFS(_2Q_COL_7, $BA$8, _2Q_COL_7, $BC$8, _2Q_SEX, "F") -> 0 | AU82: =SUM(AS82:AT82) -> 0 | AV82: =COUNTIFS(_2Q_COL_7, $BA$9, _2Q_COL_7, $BC$9, _2Q_SEX, "M") -> 0 | AW82: =COUNTIFS(_2Q_COL_7, $BA$9, _2Q_COL_7, $BC$9, _2Q_SEX, "F") -> 0 | AX82: =SUM(AV82:AW82) -> 0 | AY82: =SUM(AO82,AR82,AU82,AX82) -> 0
A83: 7 | B83: =GI!$H$8 -> Bruk Gebreabyezgi Gebreselassie | F83: =IF(E83>100,"SKURRR~!!", IF(A83>GI!$M$2," ", IF($D$73="-", " ", IF(ISBLANK(E83),"FALSE","")))) | I83: 7 | J83: =GI!$H$8 -> Bruk Gebreabyezgi Gebreselassie | N83: =IF(M83>100,"SKURRR~!!", IF(I83>GI!$M$2," ", IF($L$73="-", " ", IF(ISBLANK(M83),"FALSE","")))) | R83: =E83 -> 0 | S83: =M83 -> 0 | T83: =AVERAGE(R83:S83) -> 0 | V83: 9 | W83: =GI!$H$10 -> Danait Alem Haile | X83: =GI!$I$10 -> F | Y83: =$S$18 -> 0 | Z83: =$S$152 -> 0 | AA83: =$S$285 -> 0 | AB83: =$S$352 -> 0 | AC83: =$S$419 -> 0 | AD83: =$S$553 -> 0 | AE83: =$S$687 -> 0 | AF83: =$S$754 -> 0 | AG83: =SUM(Y83:AE83) -> 0 | AH83: =AG83/7 -> 0 | AI83: =RANK(AH83, _2Q_AVERAGE) -> 1 | AJ83: =IF(AH83>=GI!$B$64, "PRO", "DET") -> DET | AL83: PERCENTAG: | AM83: =AM82*100/$AU$67 -> 0 | AN83: =AN82*100/$AW$67 -> 0 | AO83: =AO82*100/$AY$67 -> 0 | AP83: =AP82*100/$AU$67 -> 0 | AQ83: =AQ82*100/$AW$67 -> 0 | AR83: =AR82*100/$AY$67 -> 0 | AS83: =AS82*100/$AU$67 -> 0 | AT83: =AT82*100/$AW$67 -> 0 | AU83: =AU82*100/$AY$67 -> 0 | AV83: =AV82*100/$AU$67 -> 0 | AW83: =AW82*100/$AW$67 -> 0 | AX83: =AX82*100/$AY$67 -> 0 | AY83: =SUM(AO83,AR83,AU83,AX83) -> 0
A84: 8 | B84: =GI!$H$9 -> Dagim Hagos Mehari | F84: =IF(E84>100,"SKURRR~!!", IF(A84>GI!$M$2," ", IF($D$73="-", " ", IF(ISBLANK(E84),"FALSE","")))) | I84: 8 | J84: =GI!$H$9 -> Dagim Hagos Mehari | N84: =IF(M84>100,"SKURRR~!!", IF(I84>GI!$M$2," ", IF($L$73="-", " ", IF(ISBLANK(M84),"FALSE","")))) | R84: =E84 -> 0 | S84: =M84 -> 0 | T84: =AVERAGE(R84:S84) -> 0 | V84: 10 | W84: =GI!$H$11 -> Daniel Alem Beyene | X84: =GI!$I$11 -> M | Y84: =$S$19 -> 0 | Z84: =$S$153 -> 0 | AA84: =$S$286 -> 0 | AB84: =$S$353 -> 0 | AC84: =$S$420 -> 0 | AD84: =$S$554 -> 0 | AE84: =$S$688 -> 0 | AF84: =$S$755 -> 0 | AG84: =SUM(Y84:AE84) -> 0 | AH84: =AG84/7 -> 0 | AI84: =RANK(AH84, _2Q_AVERAGE) -> 1 | AJ84: =IF(AH84>=GI!$B$64, "PRO", "DET") -> DET | AL84: =UPPER(GI!$B$14) -> -
A85: 9 | B85: =GI!$H$10 -> Danait Alem Haile | F85: =IF(E85>100,"SKURRR~!!", IF(A85>GI!$M$2," ", IF($D$73="-", " ", IF(ISBLANK(E85),"FALSE","")))) | I85: 9 | J85: =GI!$H$10 -> Danait Alem Haile | N85: =IF(M85>100,"SKURRR~!!", IF(I85>GI!$M$2," ", IF($L$73="-", " ", IF(ISBLANK(M85),"FALSE","")))) | R85: =E85 -> 0 | S85: =M85 -> 0 | T85: =AVERAGE(R85:S85) -> 0 | V85: 11 | W85: =GI!$H$12 -> Dawit Gebegziabher Teklay | X85: =GI!$I$12 -> M | Y85: =$S$20 -> 0 | Z85: =$S$154 -> 0 | AA85: =$S$287 -> 0 | AB85: =$S$354 -> 0 | AC85: =$S$421 -> 0 | AD85: =$S$555 -> 0 | AE85: =$S$689 -> 0 | AF85: =$S$756 -> 0 | AG85: =SUM(Y85:AE85) -> 0 | AH85: =AG85/7 -> 0 | AI85: =RANK(AH85, _2Q_AVERAGE) -> 1 | AJ85: =IF(AH85>=GI!$B$64, "PRO", "DET") -> DET | AL85: PERCENTAG:
A86: 10 | B86: =GI!$H$11 -> Daniel Alem Beyene | F86: =IF(E86>100,"SKURRR~!!", IF(A86>GI!$M$2," ", IF($D$73="-", " ", IF(ISBLANK(E86),"FALSE","")))) | I86: 10 | J86: =GI!$H$11 -> Daniel Alem Beyene | N86: =IF(M86>100,"SKURRR~!!", IF(I86>GI!$M$2," ", IF($L$73="-", " ", IF(ISBLANK(M86),"FALSE","")))) | R86: =E86 -> 0 | S86: =M86 -> 0 | T86: =AVERAGE(R86:S86) -> 0 | V86: 12 | W86: =GI!$H$13 -> Ibrahim Ahmedin Ebrahim | X86: =GI!$I$13 -> M | Y86: =$S$21 -> 0 | Z86: =$S$155 -> 0 | AA86: =$S$288 -> 0 | AB86: =$S$355 -> 0 | AC86: =$S$422 -> 0 | AD86: =$S$556 -> 0 | AE86: =$S$690 -> 0 | AF86: =$S$757 -> 0 | AG86: =SUM(Y86:AE86) -> 0 | AH86: =AG86/7 -> 0 | AI86: =RANK(AH86, _2Q_AVERAGE) -> 1 | AJ86: =IF(AH86>=GI!$B$64, "PRO", "DET") -> DET | AL86: =UPPER(GI!$B$15) -> ICT | AM86: =COUNTIFS(_2Q_COL_9, $BA$6, _2Q_COL_9, $BC$6, _2Q_SEX, "M") -> 0 | AN86: =COUNTIFS(_2Q_COL_9, $BA$6, _2Q_COL_9, $BC$6, _2Q_SEX, "F") -> 0 | AO86: =SUM(AM86:AN86) -> 0 | AP86: =COUNTIFS(_2Q_COL_9, $BA$7, _2Q_COL_9, $BC$7, _2Q_SEX, "M") -> 0 | AQ86: =COUNTIFS(_2Q_COL_9, $BA$7, _2Q_COL_9, $BC$7, _2Q_SEX, "F") -> 0 | AR86: =SUM(AP86:AQ86) -> 0 | AS86: =COUNTIFS(_2Q_COL_9, $BA$8, _2Q_COL_9, $BC$8, _2Q_SEX, "M") -> 0 | AT86: =COUNTIFS(_2Q_COL_9, $BA$8, _2Q_COL_9, $BC$8, _2Q_SEX, "F") -> 0 | AU86: =SUM(AS86:AT86) -> 0 | AV86: =COUNTIFS(_2Q_COL_9, $BA$9, _2Q_COL_9, $BC$9, _2Q_SEX, "M") -> 0 | AW86: =COUNTIFS(_2Q_COL_9, $BA$9, _2Q_COL_9, $BC$9, _2Q_SEX, "F") -> 0 | AX86: =SUM(AV86:AW86) -> 0 | AY86: =SUM(AO86,AR86,AU86,AX86) -> 0
A87: 11 | B87: =GI!$H$12 -> Dawit Gebegziabher Teklay | F87: =IF(E87>100,"SKURRR~!!", IF(A87>GI!$M$2," ", IF($D$73="-", " ", IF(ISBLANK(E87),"FALSE","")))) | I87: 11 | J87: =GI!$H$12 -> Dawit Gebegziabher Teklay | N87: =IF(M87>100,"SKURRR~!!", IF(I87>GI!$M$2," ", IF($L$73="-", " ", IF(ISBLANK(M87),"FALSE","")))) | R87: =E87 -> 0 | S87: =M87 -> 0 | T87: =AVERAGE(R87:S87) -> 0 | V87: 13 | W87: =GI!$H$14 -> Eldana Tewelde Negash | X87: =GI!$I$14 -> F | Y87: =$S$22 -> 0 | Z87: =$S$156 -> 0 | AA87: =$S$289 -> 0 | AB87: =$S$356 -> 0 | AC87: =$S$423 -> 0 | AD87: =$S$557 -> 0 | AE87: =$S$691 -> 0 | AF87: =$S$758 -> 0 | AG87: =SUM(Y87:AE87) -> 0 | AH87: =AG87/7 -> 0 | AI87: =RANK(AH87, _2Q_AVERAGE) -> 1 | AJ87: =IF(AH87>=GI!$B$64, "PRO", "DET") -> DET | AL87: PERCENTAG: | AM87: =AM86*100/$AU$67 -> 0 | AN87: =AN86*100/$AW$67 -> 0 | AO87: =AO86*100/$AY$67 -> 0 | AP87: =AP86*100/$AU$67 -> 0 | AQ87: =AQ86*100/$AW$67 -> 0 | AR87: =AR86*100/$AY$67 -> 0 | AS87: =AS86*100/$AU$67 -> 0 | AT87: =AT86*100/$AW$67 -> 0 | AU87: =AU86*100/$AY$67 -> 0 | AV87: =AV86*100/$AU$67 -> 0 | AW87: =AW86*100/$AW$67 -> 0 | AX87: =AX86*100/$AY$67 -> 0 | AY87: =SUM(AO87,AR87,AU87,AX87) -> 0
A88: 12 | B88: =GI!$H$13 -> Ibrahim Ahmedin Ebrahim | F88: =IF(E88>100,"SKURRR~!!", IF(A88>GI!$M$2," ", IF($D$73="-", " ", IF(ISBLANK(E88),"FALSE","")))) | I88: 12 | J88: =GI!$H$13 -> Ibrahim Ahmedin Ebrahim | N88: =IF(M88>100,"SKURRR~!!", IF(I88>GI!$M$2," ", IF($L$73="-", " ", IF(ISBLANK(M88),"FALSE","")))) | R88: =E88 -> 0 | S88: =M88 -> 0 | T88: =AVERAGE(R88:S88) -> 0 | V88: 14 | W88: =GI!$H$15 -> Elilta Asay Eyasu | X88: =GI!$I$15 -> F | Y88: =$S$23 -> 0 | Z88: =$S$157 -> 0 | AA88: =$S$290 -> 0 | AB88: =$S$357 -> 0 | AC88: =$S$424 -> 0 | AD88: =$S$558 -> 0 | AE88: =$S$692 -> 0 | AF88: =$S$759 -> 0 | AG88: =SUM(Y88:AE88) -> 0 | AH88: =AG88/7 -> 0 | AI88: =RANK(AH88, _2Q_AVERAGE) -> 1 | AJ88: =IF(AH88>=GI!$B$64, "PRO", "DET") -> DET | AL88: =UPPER(GI!$B$16) -> -
A89: 13 | B89: =GI!$H$14 -> Eldana Tewelde Negash | F89: =IF(E89>100,"SKURRR~!!", IF(A89>GI!$M$2," ", IF($D$73="-", " ", IF(ISBLANK(E89),"FALSE","")))) | I89: 13 | J89: =GI!$H$14 -> Eldana Tewelde Negash | N89: =IF(M89>100,"SKURRR~!!", IF(I89>GI!$M$2," ", IF($L$73="-", " ", IF(ISBLANK(M89),"FALSE","")))) | R89: =E89 -> 0 | S89: =M89 -> 0 | T89: =AVERAGE(R89:S89) -> 0 | V89: 15 | W89: =GI!$H$16 -> Emebet Haftay Gebremichael | X89: =GI!$I$16 -> F | Y89: =$S$24 -> 0 | Z89: =$S$158 -> 0 | AA89: =$S$291 -> 0 | AB89: =$S$358 -> 0 | AC89: =$S$425 -> 0 | AD89: =$S$559 -> 0 | AE89: =$S$693 -> 0 | AF89: =$S$760 -> 0 | AG89: =SUM(Y89:AE89) -> 0 | AH89: =AG89/7 -> 0 | AI89: =RANK(AH89, _2Q_AVERAGE) -> 1 | AJ89: =IF(AH89>=GI!$B$64, "PRO", "DET") -> DET | AL89: PERCENTAG:
A90: 14 | B90: =GI!$H$15 -> Elilta Asay Eyasu | F90: =IF(E90>100,"SKURRR~!!", IF(A90>GI!$M$2," ", IF($D$73="-", " ", IF(ISBLANK(E90),"FALSE","")))) | I90: 14 | J90: =GI!$H$15 -> Elilta Asay Eyasu | N90: =IF(M90>100,"SKURRR~!!", IF(I90>GI!$M$2," ", IF($L$73="-", " ", IF(ISBLANK(M90),"FALSE","")))) | R90: =E90 -> 0 | S90: =M90 -> 0 | T90: =AVERAGE(R90:S90) -> 0 | V90: 16 | W90: =GI!$H$17 -> Ermiyas Gebremeskel Hailu | X90: =GI!$I$17 -> M | Y90: =$S$25 -> 0 | Z90: =$S$159 -> 0 | AA90: =$S$292 -> 0 | AB90: =$S$359 -> 0 | AC90: =$S$426 -> 0 | AD90: =$S$560 -> 0 | AE90: =$S$694 -> 0 | AF90: =$S$761 -> 0 | AG90: =SUM(Y90:AE90) -> 0 | AH90: =AG90/7 -> 0 | AI90: =RANK(AH90, _2Q_AVERAGE) -> 1 | AJ90: =IF(AH90>=GI!$B$64, "PRO", "DET") -> DET | AL90: =UPPER(GI!$B$17) -> ACCOUNTING AND FINANCE | AM90: =COUNTIFS(_2Q_COL_11, $BA$6, _2Q_COL_11, $BC$6, _2Q_SEX, "M") -> 0 | AN90: =COUNTIFS(_2Q_COL_11, $BA$6, _2Q_COL_11, $BC$6, _2Q_SEX, "F") -> 0 | AO90: =SUM(AM90:AN90) -> 0 | AP90: =COUNTIFS(_2Q_COL_11, $BA$7, _2Q_COL_11, $BC$7, _2Q_SEX, "M") -> 0 | AQ90: =COUNTIFS(_2Q_COL_11, $BA$7, _2Q_COL_11, $BC$7, _2Q_SEX, "F") -> 0 | AR90: =SUM(AP90:AQ90) -> 0 | AS90: =COUNTIFS(_2Q_COL_11, $BA$8, _2Q_COL_11, $BC$8, _2Q_SEX, "M") -> 0 | AT90: =COUNTIFS(_2Q_COL_11, $BA$8, _2Q_COL_11, $BC$8, _2Q_SEX, "F") -> 0 | AU90: =SUM(AS90:AT90) -> 0 | AV90: =COUNTIFS(_2Q_COL_11, $BA$9, _2Q_COL_11, $BC$9, _2Q_SEX, "M") -> 0 | AW90: =COUNTIFS(_2Q_COL_11, $BA$9, _2Q_COL_11, $BC$9, _2Q_SEX, "F") -> 0 | AX90: =SUM(AV90:AW90) -> 0 | AY90: =SUM(AO90,AR90,AU90,AX90) -> 0
A91: 15 | B91: =GI!$H$16 -> Emebet Haftay Gebremichael | F91: =IF(E91>100,"SKURRR~!!", IF(A91>GI!$M$2," ", IF($D$73="-", " ", IF(ISBLANK(E91),"FALSE","")))) | I91: 15 | J91: =GI!$H$16 -> Emebet Haftay Gebremichael | N91: =IF(M91>100,"SKURRR~!!", IF(I91>GI!$M$2," ", IF($L$73="-", " ", IF(ISBLANK(M91),"FALSE","")))) | R91: =E91 -> 0 | S91: =M91 -> 0 | T91: =AVERAGE(R91:S91) -> 0 | V91: 17 | W91: =GI!$H$18 -> Esrom Amanuel Tsegay | X91: =GI!$I$18 -> M | Y91: =$S$26 -> 0 | Z91: =$S$160 -> 0 | AA91: =$S$293 -> 0 | AB91: =$S$360 -> 0 | AC91: =$S$427 -> 0 | AD91: =$S$561 -> 0 | AE91: =$S$695 -> 0 | AF91: =$S$762 -> 0 | AG91: =SUM(Y91:AE91) -> 0 | AH91: =AG91/7 -> 0 | AI91: =RANK(AH91, _2Q_AVERAGE) -> 1 | AJ91: =IF(AH91>=GI!$B$64, "PRO", "DET") -> DET | AL91: PERCENTAG: | AM91: =AM90*100/$AU$67 -> 0 | AN91: =AN90*100/$AW$67 -> 0 | AO91: =AO90*100/$AY$67 -> 0 | AP91: =AP90*100/$AU$67 -> 0 | AQ91: =AQ90*100/$AW$67 -> 0 | AR91: =AR90*100/$AY$67 -> 0 | AS91: =AS90*100/$AU$67 -> 0 | AT91: =AT90*100/$AW$67 -> 0 | AU91: =AU90*100/$AY$67 -> 0 | AV91: =AV90*100/$AU$67 -> 0 | AW91: =AW90*100/$AW$67 -> 0 | AX91: =AX90*100/$AY$67 -> 0 | AY91: =SUM(AO91,AR91,AU91,AX91) -> 0
A92: 16 | B92: =GI!$H$17 -> Ermiyas Gebremeskel Hailu | F92: =IF(E92>100,"SKURRR~!!", IF(A92>GI!$M$2," ", IF($D$73="-", " ", IF(ISBLANK(E92),"FALSE","")))) | I92: 16 | J92: =GI!$H$17 -> Ermiyas Gebremeskel Hailu | N92: =IF(M92>100,"SKURRR~!!", IF(I92>GI!$M$2," ", IF($L$73="-", " ", IF(ISBLANK(M92),"FALSE","")))) | R92: =E92 -> 0 | S92: =M92 -> 0 | T92: =AVERAGE(R92:S92) -> 0 | V92: 18 | W92: =GI!$H$19 -> Eyorsalem Afera Gebremedhin | X92: =GI!$I$19 -> F | Y92: =$S$27 -> 0 | Z92: =$S$161 -> 0 | AA92: =$S$294 -> 0 | AB92: =$S$361 -> 0 | AC92: =$S$428 -> 0 | AD92: =$S$562 -> 0 | AE92: =$S$696 -> 0 | AF92: =$S$763 -> 0 | AG92: =SUM(Y92:AE92) -> 0 | AH92: =AG92/7 -> 0 | AI92: =RANK(AH92, _2Q_AVERAGE) -> 1 | AJ92: =IF(AH92>=GI!$B$64, "PRO", "DET") -> DET | AL92: =UPPER(GI!$B$18) -> - | AM92: =COUNTIFS(_2Q_COL_12, $BA$6, _2Q_COL_12, $BC$6, _2Q_SEX, "M") -> 0 | AN92: =COUNTIFS(_2Q_COL_12, $BA$6, _2Q_COL_12, $BC$6, _2Q_SEX, "F") -> 0 | AO92: =SUM(AM92:AN92) -> 0 | AP92: =COUNTIFS(_2Q_COL_12, $BA$7, _2Q_COL_12, $BC$7, _2Q_SEX, "M") -> 0 | AQ92: =COUNTIFS(_2Q_COL_12, $BA$7, _2Q_COL_12, $BC$7, _2Q_SEX, "F") -> 0 | AR92: =SUM(AP92:AQ92) -> 0 | AS92: =COUNTIFS(_2Q_COL_12, $BA$8, _2Q_COL_12, $BC$8, _2Q_SEX, "M") -> 0 | AT92: =COUNTIFS(_2Q_COL_12, $BA$8, _2Q_COL_12, $BC$8, _2Q_SEX, "F") -> 0 | AU92: =SUM(AS92:AT92) -> 0 | AV92: =COUNTIFS(_2Q_COL_12, $BA$9, _2Q_COL_12, $BC$9, _2Q_SEX, "M") -> 0 | AW92: =COUNTIFS(_2Q_COL_12, $BA$9, _2Q_COL_12, $BC$9, _2Q_SEX, "F") -> 0 | AX92: =SUM(AV92:AW92) -> 0 | AY92: =SUM(AO92,AR92,AU92,AX92) -> 0
A93: 17 | B93: =GI!$H$18 -> Esrom Amanuel Tsegay | F93: =IF(E93>100,"SKURRR~!!", IF(A93>GI!$M$2," ", IF($D$73="-", " ", IF(ISBLANK(E93),"FALSE","")))) | I93: 17 | J93: =GI!$H$18 -> Esrom Amanuel Tsegay | N93: =IF(M93>100,"SKURRR~!!", IF(I93>GI!$M$2," ", IF($L$73="-", " ", IF(ISBLANK(M93),"FALSE","")))) | R93: =E93 -> 0 | S93: =M93 -> 0 | T93: =AVERAGE(R93:S93) -> 0 | V93: 19 | W93: =GI!$H$20 -> Fasil Alem Kahsay | X93: =GI!$I$20 -> M | Y93: =$S$28 -> 0 | Z93: =$S$162 -> 0 | AA93: =$S$295 -> 0 | AB93: =$S$362 -> 0 | AC93: =$S$429 -> 0 | AD93: =$S$563 -> 0 | AE93: =$S$697 -> 0 | AF93: =$S$764 -> 0 | AG93: =SUM(Y93:AE93) -> 0 | AH93: =AG93/7 -> 0 | AI93: =RANK(AH93, _2Q_AVERAGE) -> 1 | AJ93: =IF(AH93>=GI!$B$64, "PRO", "DET") -> DET | AL93: PERCENTAG: | AM93: =AM92*100/$AU$67 -> 0 | AN93: =AN92*100/$AW$67 -> 0 | AO93: =AO92*100/$AY$67 -> 0 | AP93: =AP92*100/$AU$67 -> 0 | AQ93: =AQ92*100/$AW$67 -> 0 | AR93: =AR92*100/$AY$67 -> 0 | AS93: =AS92*100/$AU$67 -> 0 | AT93: =AT92*100/$AW$67 -> 0 | AU93: =AU92*100/$AY$67 -> 0 | AV93: =AV92*100/$AU$67 -> 0 | AW93: =AW92*100/$AW$67 -> 0 | AX93: =AX92*100/$AY$67 -> 0 | AY93: =SUM(AO93,AR93,AU93,AX93) -> 0
A94: 18 | B94: =GI!$H$19 -> Eyorsalem Afera Gebremedhin | F94: =IF(E94>100,"SKURRR~!!", IF(A94>GI!$M$2," ", IF($D$73="-", " ", IF(ISBLANK(E94),"FALSE","")))) | I94: 18 | J94: =GI!$H$19 -> Eyorsalem Afera Gebremedhin | N94: =IF(M94>100,"SKURRR~!!", IF(I94>GI!$M$2," ", IF($L$73="-", " ", IF(ISBLANK(M94),"FALSE","")))) | R94: =E94 -> 0 | S94: =M94 -> 0 | T94: =AVERAGE(R94:S94) -> 0 | V94: 20 | W94: =GI!$H$21 -> Hassen Abdelruhman Salih | X94: =GI!$I$21 -> M | Y94: =$S$29 -> 0 | Z94: =$S$163 -> 0 | AA94: =$S$296 -> 0 | AB94: =$S$363 -> 0 | AC94: =$S$430 -> 0 | AD94: =$S$564 -> 0 | AE94: =$S$698 -> 0 | AF94: =$S$765 -> 0 | AG94: =SUM(Y94:AE94) -> 0 | AH94: =AG94/7 -> 0 | AI94: =RANK(AH94, _2Q_AVERAGE) -> 1 | AJ94: =IF(AH94>=GI!$B$64, "PRO", "DET") -> DET
A95: 19 | B95: =GI!$H$20 -> Fasil Alem Kahsay | F95: =IF(E95>100,"SKURRR~!!", IF(A95>GI!$M$2," ", IF($D$73="-", " ", IF(ISBLANK(E95),"FALSE","")))) | I95: 19 | J95: =GI!$H$20 -> Fasil Alem Kahsay | N95: =IF(M95>100,"SKURRR~!!", IF(I95>GI!$M$2," ", IF($L$73="-", " ", IF(ISBLANK(M95),"FALSE","")))) | R95: =E95 -> 0 | S95: =M95 -> 0 | T95: =AVERAGE(R95:S95) -> 0 | V95: 21 | W95: =GI!$H$22 -> Heldana Mengstu Mebrahtu | X95: =GI!$I$22 -> F | Y95: =$S$30 -> 0 | Z95: =$S$164 -> 0 | AA95: =$S$297 -> 0 | AB95: =$S$364 -> 0 | AC95: =$S$431 -> 0 | AD95: =$S$565 -> 0 | AE95: =$S$699 -> 0 | AF95: =$S$766 -> 0 | AG95: =SUM(Y95:AE95) -> 0 | AH95: =AG95/7 -> 0 | AI95: =RANK(AH95, _2Q_AVERAGE) -> 1 | AJ95: =IF(AH95>=GI!$B$64, "PRO", "DET") -> DET
A96: 20 | B96: =GI!$H$21 -> Hassen Abdelruhman Salih | F96: =IF(E96>100,"SKURRR~!!", IF(A96>GI!$M$2," ", IF($D$73="-", " ", IF(ISBLANK(E96),"FALSE","")))) | I96: 20 | J96: =GI!$H$21 -> Hassen Abdelruhman Salih | N96: =IF(M96>100,"SKURRR~!!", IF(I96>GI!$M$2," ", IF($L$73="-", " ", IF(ISBLANK(M96),"FALSE","")))) | R96: =E96 -> 0 | S96: =M96 -> 0 | T96: =AVERAGE(R96:S96) -> 0 | V96: 22 | W96: =GI!$H$23 -> Hilina Aregawi Abrha | X96: =GI!$I$23 -> F | Y96: =$S$31 -> 0 | Z96: =$S$165 -> 0 | AA96: =$S$298 -> 0 | AB96: =$S$365 -> 0 | AC96: =$S$432 -> 0 | AD96: =$S$566 -> 0 | AE96: =$S$700 -> 0 | AF96: =$S$767 -> 0 | AG96: =SUM(Y96:AE96) -> 0 | AH96: =AG96/7 -> 0 | AI96: =RANK(AH96, _2Q_AVERAGE) -> 1 | AJ96: =IF(AH96>=GI!$B$64, "PRO", "DET") -> DET | AL96: =CONCATENATE(GI!$B$55," : ","AVERAGE") -> 2nd SEMESTER RESULT STATISTICS : AVERAGE
A97: 21 | B97: =GI!$H$22 -> Heldana Mengstu Mebrahtu | F97: =IF(E97>100,"SKURRR~!!", IF(A97>GI!$M$2," ", IF($D$73="-", " ", IF(ISBLANK(E97),"FALSE","")))) | I97: 21 | J97: =GI!$H$22 -> Heldana Mengstu Mebrahtu | N97: =IF(M97>100,"SKURRR~!!", IF(I97>GI!$M$2," ", IF($L$73="-", " ", IF(ISBLANK(M97),"FALSE","")))) | R97: =E97 -> 0 | S97: =M97 -> 0 | T97: =AVERAGE(R97:S97) -> 0 | V97: 23 | W97: =GI!$H$24 -> Kaleab Haile Kahsay | X97: =GI!$I$24 -> M | Y97: =$S$32 -> 0 | Z97: =$S$166 -> 0 | AA97: =$S$299 -> 0 | AB97: =$S$366 -> 0 | AC97: =$S$433 -> 0 | AD97: =$S$567 -> 0 | AE97: =$S$701 -> 0 | AF97: =$S$768 -> 0 | AG97: =SUM(Y97:AE97) -> 0 | AH97: =AG97/7 -> 0 | AI97: =RANK(AH97, _2Q_AVERAGE) -> 1 | AJ97: =IF(AH97>=GI!$B$64, "PRO", "DET") -> DET
A98: 22 | B98: =GI!$H$23 -> Hilina Aregawi Abrha | F98: =IF(E98>100,"SKURRR~!!", IF(A98>GI!$M$2," ", IF($D$73="-", " ", IF(ISBLANK(E98),"FALSE","")))) | I98: 22 | J98: =GI!$H$23 -> Hilina Aregawi Abrha | N98: =IF(M98>100,"SKURRR~!!", IF(I98>GI!$M$2," ", IF($L$73="-", " ", IF(ISBLANK(M98),"FALSE","")))) | R98: =E98 -> 0 | S98: =M98 -> 0 | T98: =AVERAGE(R98:S98) -> 0 | V98: 24 | W98: =GI!$H$25 -> Kalkidan Haile Berhe | X98: =GI!$I$25 -> F | Y98: =$S$33 -> 0 | Z98: =$S$167 -> 0 | AA98: =$S$300 -> 0 | AB98: =$S$367 -> 0 | AC98: =$S$434 -> 0 | AD98: =$S$568 -> 0 | AE98: =$S$702 -> 0 | AF98: =$S$769 -> 0 | AG98: =SUM(Y98:AE98) -> 0 | AH98: =AG98/7 -> 0 | AI98: =RANK(AH98, _2Q_AVERAGE) -> 1 | AJ98: =IF(AH98>=GI!$B$64, "PRO", "DET") -> DET
A99: 23 | B99: =GI!$H$24 -> Kaleab Haile Kahsay | F99: =IF(E99>100,"SKURRR~!!", IF(A99>GI!$M$2," ", IF($D$73="-", " ", IF(ISBLANK(E99),"FALSE","")))) | I99: 23 | J99: =GI!$H$24 -> Kaleab Haile Kahsay | N99: =IF(M99>100,"SKURRR~!!", IF(I99>GI!$M$2," ", IF($L$73="-", " ", IF(ISBLANK(M99),"FALSE","")))) | R99: =E99 -> 0 | S99: =M99 -> 0 | T99: =AVERAGE(R99:S99) -> 0 | V99: 25 | W99: =GI!$H$26 -> Kidus Tadesse Yewegalet | X99: =GI!$I$26 -> M | Y99: =$S$34 -> 0 | Z99: =$S$168 -> 0 | AA99: =$S$301 -> 0 | AB99: =$S$368 -> 0 | AC99: =$S$435 -> 0 | AD99: =$S$569 -> 0 | AE99: =$S$703 -> 0 | AF99: =$S$770 -> 0 | AG99: =SUM(Y99:AE99) -> 0 | AH99: =AG99/7 -> 0 | AI99: =RANK(AH99, _2Q_AVERAGE) -> 1 | AJ99: =IF(AH99>=GI!$B$64, "PRO", "DET") -> DET | AM99: =$BA$6 &" " & $BC$6 -> >=1 <55 | AP99: =$BA$7 &" " & $BC$7 -> >=55 <75 | AS99: =$BA$8 &" " & $BC$8 -> >=75 <85 | AV99: =$BA$9 &" " & $BC$9 -> >=85 <=100 | AY99: TOTAL
A100: 24 | B100: =GI!$H$25 -> Kalkidan Haile Berhe | F100: =IF(E100>100,"SKURRR~!!", IF(A100>GI!$M$2," ", IF($D$73="-", " ", IF(ISBLANK(E100),"FALSE","")))) | I100: 24 | J100: =GI!$H$25 -> Kalkidan Haile Berhe | N100: =IF(M100>100,"SKURRR~!!", IF(I100>GI!$M$2," ", IF($L$73="-", " ", IF(ISBLANK(M100),"FALSE","")))) | R100: =E100 -> 0 | S100: =M100 -> 0 | T100: =AVERAGE(R100:S100) -> 0 | V100: 26 | W100: =GI!$H$27 -> Lidiya Mulu Gebreegzabher | X100: =GI!$I$27 -> F | Y100: =$S$35 -> 0 | Z100: =$S$169 -> 0 | AA100: =$S$302 -> 0 | AB100: =$S$369 -> 0 | AC100: =$S$436 -> 0 | AD100: =$S$570 -> 0 | AE100: =$S$704 -> 0 | AF100: =$S$771 -> 0 | AG100: =SUM(Y100:AE100) -> 0 | AH100: =AG100/7 -> 0 | AI100: =RANK(AH100, _2Q_AVERAGE) -> 1 | AJ100: =IF(AH100>=GI!$B$64, "PRO", "DET") -> DET | AM100: M | AN100: F | AO100: T | AP100: M | AQ100: F | AR100: T | AS100: M | AT100: F | AU100: T | AV100: M | AW100: F | AX100: T
A101: 25 | B101: =GI!$H$26 -> Kidus Tadesse Yewegalet | F101: =IF(E101>100,"SKURRR~!!", IF(A101>GI!$M$2," ", IF($D$73="-", " ", IF(ISBLANK(E101),"FALSE","")))) | I101: 25 | J101: =GI!$H$26 -> Kidus Tadesse Yewegalet | N101: =IF(M101>100,"SKURRR~!!", IF(I101>GI!$M$2," ", IF($L$73="-", " ", IF(ISBLANK(M101),"FALSE","")))) | R101: =E101 -> 0 | S101: =M101 -> 0 | T101: =AVERAGE(R101:S101) -> 0 | V101: 27 | W101: =GI!$H$28 -> Menkem Solomon Yihdego | X101: =GI!$I$28 -> M | Y101: =$S$36 -> 0 | Z101: =$S$170 -> 0 | AA101: =$S$303 -> 0 | AB101: =$S$370 -> 0 | AC101: =$S$437 -> 0 | AD101: =$S$571 -> 0 | AE101: =$S$705 -> 0 | AF101: =$S$772 -> 0 | AG101: =SUM(Y101:AE101) -> 0 | AH101: =AG101/7 -> 0 | AI101: =RANK(AH101, _2Q_AVERAGE) -> 1 | AJ101: =IF(AH101>=GI!$B$64, "PRO", "DET") -> DET | AM101: =COUNTIFS(_2Q_AVERAGE, $BA$6, _2Q_AVERAGE, $BC$6, _2Q_SEX, "M") -> 0 | AN101: =COUNTIFS(_2Q_AVERAGE, $BA$6, _2Q_AVERAGE, $BC$6, _2Q_SEX, "F") -> 0 | AO101: =SUM(AM101:AN101) -> 0 | AP101: =COUNTIFS(_2Q_AVERAGE, $BA$7, _2Q_AVERAGE, $BC$7, _2Q_SEX, "M") -> 0 | AQ101: =COUNTIFS(_2Q_AVERAGE, $BA$7, _2Q_AVERAGE, $BC$7, _2Q_SEX, "F") -> 0 | AR101: =SUM(AP101:AQ101) -> 0 | AS101: =COUNTIFS(_2Q_AVERAGE, $BA$8, _2Q_AVERAGE, $BC$8, _2Q_SEX, "M") -> 0 | AT101: =COUNTIFS(_2Q_AVERAGE, $BA$8, _2Q_AVERAGE, $BC$8, _2Q_SEX, "F") -> 0 | AU101: =SUM(AS101:AT101) -> 0 | AV101: =COUNTIFS(_2Q_AVERAGE, $BA$9, _2Q_AVERAGE, $BC$9, _2Q_SEX, "M") -> 0 | AW101: =COUNTIFS(_2Q_AVERAGE, $BA$9, _2Q_AVERAGE, $BC$9, _2Q_SEX, "F") -> 0 | AX101: =SUM(AV101:AW101) -> 0 | AY101: =SUM(AO101,AR101,AU101,AX101) -> 0
...

Sheet Roster
C1: =GI!$D$1 -> SHEBA ACADEMY
C2: =GI!$A$36 -> STUDENTS' ROSTER GRADE 11
B3: =CONCATENATE(GI!$E$23, ": ") -> Homeroom Teacher's Name:
B4: Grade and Section: | F4: =CONCATENATE(GI!$A$3, " ", GI!$C$3) -> 11 D
B5: =CONCATENATE(GI!$A$34, ": ") -> Academic Year: | F5: =CONCATENATE(GI!$C$34, " / ", GI!$D$34) -> 2025/26 G.C / 2018 ዓ/ም | P5: Page: | R5: 1
A6: # | B6: =GI!$H$1 -> Students' Names | C6: Sex | D6: Age | E6: Semesters | F6: =GI!$B$7 -> English | G6: =GI!$B$9 -> Mathematics | H6: =GI!$B$11 -> History | I6: =GI!$B$12 -> Geography | J6: =GI!$B$13 -> Economics | K6: =GI!$B$15 -> ICT | L6: =GI!$B$17 -> Accounting and finance | M6: =GI!$B$18 -> - | N6: TOTAL | O6: AVERAGE | P6: RANK | Q6: CONDACT
A7: 1 | B7: =GI!H$2 -> Amanuel Hagos Tesfay | C7: =GI!I$2 -> M | D7: =GI!J$2 -> 0 | E7: 1st Sem | F7: =MIP!Y$8 -> 76 | G7: =MIP!Z$8 -> 57 | H7: =MIP!AA$8 -> 91 | I7: =MIP!AB$8 -> 85 | J7: =MIP!AC$8 -> 71 | K7: =MIP!AD$8 -> 82 | L7: =MIP!AE$8 -> 83 | M7: =MIP!AF$8 -> 0 | ... P7: =MIP!AI$8 -> 9
E8: 2nd Sem | F8: =MIP!Y$75 -> 0 | G8: =MIP!Z$75 -> 0 | H8: =MIP!AA$75 -> 0 | I8: =MIP!AB$75 -> 0 | J8: =MIP!AC$75 -> 0 | K8: =MIP!AD$75 -> 0 | L8: =MIP!AE$75 -> 0 | M8: =MIP!AF$75 -> 0 | ... P8: =MIP!AI$75 -> 1
E9: Average | F9: =MIP!Y$147 -> 38 | G9: =MIP!Z$147 -> 28.5 | H9: =MIP!AA$147 -> 45.5 | I9: =MIP!AB$147 -> 42.5 | J9: =MIP!AC$147 -> 35.5 | K9: =MIP!AD$147 -> 41 | L9: =MIP!AE$147 -> 41.5 | M9: =MIP!AF$147 -> 0 | ... P9: =MIP!AI$147 -> 9
A10: 2 | B10: =GI!H$3 -> Beamlak Sultan Weldegebriel | C10: =GI!I$3 -> M | D10: =GI!J$3 -> 0 | E10: 1st Sem | F10: =MIP!Y$9 -> 67 | G10: =MIP!Z$9 -> 53 | H10: =MIP!AA$9 -> 67 | I10: =MIP!AB$9 -> 71 | J10: =MIP!AC$9 -> 68 | K10: =MIP!AD$9 -> 85 | L10: =MIP!AE$9 -> 78 | M10: =MIP!AF$9 -> 0 | ... P10: =MIP!AI$9 -> 24
E11: 2nd Sem | F11: =MIP!Y$76 -> 0 | G11: =MIP!Z$76 -> 0 | H11: =MIP!AA$76 -> 0 | I11: =MIP!AB$76 -> 0 | J11: =MIP!AC$76 -> 0 | K11: =MIP!AD$76 -> 0 | L11: =MIP!AE$76 -> 0 | M11: =MIP!AF$76 -> 0 | ... P11: =MIP!AI$76 -> 1
E12: Average | F12: =MIP!Y$148 -> 33.5 | G12: =MIP!Z$148 -> 26.5 | H12: =MIP!AA$148 -> 33.5 | I12: =MIP!AB$148 -> 35.5 | J12: =MIP!AC$148 -> 34 | K12: =MIP!AD$148 -> 42.5 | L12: =MIP!AE$148 -> 39 | M12: =MIP!AF$148 -> 0 | ... P12: =MIP!AI$148 -> 24
A13: 3 | B13: =GI!H$4 -> Betelihim Kalayu Mamo | C13: =GI!I$4 -> F | D13: =GI!J$4 -> 0 | E13: 1st Sem | F13: =MIP!Y$10 -> 59 | G13: =MIP!Z$10 -> 65 | H13: =MIP!AA$10 -> 68 | I13: =MIP!AB$10 -> 79 | J13: =MIP!AC$10 -> 62 | K13: =MIP!AD$10 -> 93 | L13: =MIP!AE$10 -> 76 | M13: =MIP!AF$10 -> 0 | ... P13: =MIP!AI$10 -> 20
E14: 2nd Sem | F14: =MIP!Y$77 -> 0 | G14: =MIP!Z$77 -> 0 | H14: =MIP!AA$77 -> 0 | I14: =MIP!AB$77 -> 0 | J14: =MIP!AC$77 -> 0 | K14: =MIP!AD$77 -> 0 | L14: =MIP!AE$77 -> 0 | M14: =MIP!AF$77 -> 0 | ... P14: =MIP!AI$77 -> 1
E15: Average | F15: =MIP!Y$149 -> 29.5 | G15: =MIP!Z$149 -> 32.5 | H15: =MIP!AA$149 -> 34 | I15: =MIP!AB$149 -> 39.5 | J15: =MIP!AC$149 -> 31 | K15: =MIP!AD$149 -> 46.5 | L15: =MIP!AE$149 -> 38 | M15: =MIP!AF$149 -> 0 | ... P15: =MIP!AI$149 -> 20
A16: 4 | B16: =GI!H$5 -> Bethelhem Teklay Weldegerima | C16: =GI!I$5 -> F | D16: =GI!J$5 -> 0 | E16: 1st Sem | F16: =MIP!Y$11 -> 77 | G16: =MIP!Z$11 -> 56 | H16: =MIP!AA$11 -> 90 | I16: =MIP!AB$11 -> 71 | J16: =MIP!AC$11 -> 75 | K16: =MIP!AD$11 -> 86 | L16: =MIP!AE$11 -> 75 | M16: =MIP!AF$11 -> 0 | ... P16: =MIP!AI$11 -> 13
E17: 2nd Sem | F17: =MIP!Y$78 -> 0 | G17: =MIP!Z$78 -> 0 | H17: =MIP!AA$78 -> 0 | I17: =MIP!AB$78 -> 0 | J17: =MIP!AC$78 -> 0 | K17: =MIP!AD$78 -> 0 | L17: =MIP!AE$78 -> 0 | M17: =MIP!AF$78 -> 0 | ... P17: =MIP!AI$78 -> 1
E18: Average | F18: =MIP!Y$150 -> 38.5 | G18: =MIP!Z$150 -> 28 | H18: =MIP!AA$150 -> 45 | I18: =MIP!AB$150 -> 35.5 | J18: =MIP!AC$150 -> 37.5 | K18: =MIP!AD$150 -> 43 | L18: =MIP!AE$150 -> 37.5 | M18: =MIP!AF$150 -> 0 | ... P18: =MIP!AI$150 -> 13
A19: 5 | B19: =GI!H$6 -> Bilen Mesfin Taye | C19: =GI!I$6 -> F | D19: =GI!J$6 -> 0 | E19: 1st Sem | F19: =MIP!Y$12 -> 57 | G19: =MIP!Z$12 -> 55 | H19: =MIP!AA$12 -> 55 | I19: =MIP!AB$12 -> 33 | J19: =MIP!AC$12 -> 44 | K19: =MIP!AD$12 -> 67 | L19: =MIP!AE$12 -> 82 | M19: =MIP!AF$12 -> 0 | ... P19: =MIP!AI$12 -> 43
E20: 2nd Sem | F20: =MIP!Y$79 -> 0 | G20: =MIP!Z$79 -> 0 | H20: =MIP!AA$79 -> 0 | I20: =MIP!AB$79 -> 0 | J20: =MIP!AC$79 -> 0 | K20: =MIP!AD$79 -> 0 | L20: =MIP!AE$79 -> 0 | M20: =MIP!AF$79 -> 0 | ... P20: =MIP!AI$79 -> 1
E21: Average | F21: =MIP!Y$151 -> 28.5 | G21: =MIP!Z$151 -> 27.5 | H21: =MIP!AA$151 -> 27.5 | I21: =MIP!AB$151 -> 16.5 | J21: =MIP!AC$151 -> 22 | K21: =MIP!AD$151 -> 33.5 | L21: =MIP!AE$151 -> 41 | M21: =MIP!AF$151 -> 0 | ... P21: =MIP!AI$151 -> 43
A22: 6 | B22: =GI!H$7 -> Biruk Mulat Kiros | C22: =GI!I$7 -> M | D22: =GI!J$7 -> 0 | E22: 1st Sem | F22: =MIP!Y$13 -> 63 | G22: =MIP!Z$13 -> 65 | H22: =MIP!AA$13 -> 77 | I22: =MIP!AB$13 -> 82 | J22: =MIP!AC$13 -> 71 | K22: =MIP!AD$13 -> 93 | L22: =MIP!AE$13 -> 85 | M22: =MIP!AF$13 -> 0 | ... P22: =MIP!AI$13 -> 11
E23: 2nd Sem | F23: =MIP!Y$80 -> 0 | G23: =MIP!Z$80 -> 0 | H23: =MIP!AA$80 -> 0 | I23: =MIP!AB$80 -> 0 | J23: =MIP!AC$80 -> 0 | K23: =MIP!AD$80 -> 0 | L23: =MIP!AE$80 -> 0 | M23: =MIP!AF$80 -> 0 | ... P23: =MIP!AI$80 -> 1
E24: Average | F24: =MIP!Y$152 -> 31.5 | G24: =MIP!Z$152 -> 32.5 | H24: =MIP!AA$152 -> 38.5 | I24: =MIP!AB$152 -> 41 | J24: =MIP!AC$152 -> 35.5 | K24: =MIP!AD$152 -> 46.5 | L24: =MIP!AE$152 -> 42.5 | M24: =MIP!AF$152 -> 0 | ... P24: =MIP!AI$152 -> 11
A25: 7 | B25: =GI!H$8 -> Bruk Gebreabyezgi Gebreselassie | C25: =GI!I$8 -> M | D25: =GI!J$8 -> 0 | E25: 1st Sem | F25: =MIP!Y$14 -> 53 | G25: =MIP!Z$14 -> 48 | H25: =MIP!AA$14 -> 59 | I25: =MIP!AB$14 -> 59 | J25: =MIP!AC$14 -> 56 | K25: =MIP!AD$14 -> 60 | L25: =MIP!AE$14 -> 60 | M25: =MIP!AF$14 -> 0 | ... P25: =MIP!AI$14 -> 42
E26: 2nd Sem | F26: =MIP!Y$81 -> 0 | G26: =MIP!Z$81 -> 0 | H26: =MIP!AA$81 -> 0 | I26: =MIP!AB$81 -> 0 | J26: =MIP!AC$81 -> 0 | K26: =MIP!AD$81 -> 0 | L26: =MIP!AE$81 -> 0 | M26: =MIP!AF$81 -> 0 | ... P26: =MIP!AI$81 -> 1
E27: Average | F27: =MIP!Y$153 -> 26.5 | G27: =MIP!Z$153 -> 24 | H27: =MIP!AA$153 -> 29.5 | I27: =MIP!AB$153 -> 29.5 | J27: =MIP!AC$153 -> 28 | K27: =MIP!AD$153 -> 30 | L27: =MIP!AE$153 -> 30 | M27: =MIP!AF$153 -> 0 | ... P27: =MIP!AI$153 -> 42
A28: 8 | B28: =GI!H$9 -> Dagim Hagos Mehari | C28: =GI!I$9 -> M | D28: =GI!J$9 -> 0 | E28: 1st Sem | F28: =MIP!Y$15 -> 66 | G28: =MIP!Z$15 -> 58 | H28: =MIP!AA$15 -> 73 | I28: =MIP!AB$15 -> 73 | J28: =MIP!AC$15 -> 61 | K28: =MIP!AD$15 -> 80 | L28: =MIP!AE$15 -> 75 | M28: =MIP!AF$15 -> 0 | ... P28: =MIP!AI$15 -> 25
E29: 2nd Sem | F29: =MIP!Y$82 -> 0 | G29: =MIP!Z$82 -> 0 | H29: =MIP!AA$82 -> 0 | I29: =MIP!AB$82 -> 0 | J29: =MIP!AC$82 -> 0 | K29: =MIP!AD$82 -> 0 | L29: =MIP!AE$82 -> 0 | M29: =MIP!AF$82 -> 0 | ... P29: =MIP!AI$82 -> 1
E30: Average | F30: =MIP!Y$154 -> 33 | G30: =MIP!Z$154 -> 29 | H30: =MIP!AA$154 -> 36.5 | I30: =MIP!AB$154 -> 36.5 | J30: =MIP!AC$154 -> 30.5 | K30: =MIP!AD$154 -> 40 | L30: =MIP!AE$154 -> 37.5 | M30: =MIP!AF$154 -> 0 | ... P30: =MIP!AI$154 -> 25
A31: 9 | B31: =GI!H$10 -> Danait Alem Haile | C31: =GI!I$10 -> F | D31: =GI!J$10 -> 0 | E31: 1st Sem | F31: =MIP!Y$16 -> 56 | G31: =MIP!Z$16 -> 60 | H31: =MIP!AA$16 -> 56 | I31: =MIP!AB$16 -> 58 | J31: =MIP!AC$16 -> 39 | K31: =MIP!AD$16 -> 78 | L31: =MIP!AE$16 -> 70 | M31: =MIP!AF$16 -> 0 | ... P31: =MIP!AI$16 -> 41
E32: 2nd Sem | F32: =MIP!Y$83 -> 0 | G32: =MIP!Z$83 -> 0 | H32: =MIP!AA$83 -> 0 | I32: =MIP!AB$83 -> 0 | J32: =MIP!AC$83 -> 0 | K32: =MIP!AD$83 -> 0 | L32: =MIP!AE$83 -> 0 | M32: =MIP!AF$83 -> 0 | ... P32: =MIP!AI$83 -> 1
E33: Average | F33: =MIP!Y$155 -> 28 | G33: =MIP!Z$155 -> 30 | H33: =MIP!AA$155 -> 28 | I33: =MIP!AB$155 -> 29 | J33: =MIP!AC$155 -> 19.5 | K33: =MIP!AD$155 -> 39 | L33: =MIP!AE$155 -> 35 | M33: =MIP!AF$155 -> 0 | ... P33: =MIP!AI$155 -> 41
A34: 10 | B34: =GI!H$11 -> Daniel Alem Beyene | C34: =GI!I$11 -> M | D34: =GI!J$11 -> 0 | E34: 1st Sem | F34: =MIP!Y$17 -> 74 | G34: =MIP!Z$17 -> 61 | H34: =MIP!AA$17 -> 67 | I34: =MIP!AB$17 -> 81 | J34: =MIP!AC$17 -> 73 | K34: =MIP!AD$17 -> 73 | L34: =MIP!AE$17 -> 74 | M34: =MIP!AF$17 -> 0 | ... P34: =MIP!AI$17 -> 19
E35: 2nd Sem | F35: =MIP!Y$84 -> 0 | G35: =MIP!Z$84 -> 0 | H35: =MIP!AA$84 -> 0 | I35: =MIP!AB$84 -> 0 | J35: =MIP!AC$84 -> 0 | K35: =MIP!AD$84 -> 0 | L35: =MIP!AE$84 -> 0 | M35: =MIP!AF$84 -> 0 | ... P35: =MIP!AI$84 -> 1
E36: Average | F36: =MIP!Y$156 -> 37 | G36: =MIP!Z$156 -> 30.5 | H36: =MIP!AA$156 -> 33.5 | I36: =MIP!AB$156 -> 40.5 | J36: =MIP!AC$156 -> 36.5 | K36: =MIP!AD$156 -> 36.5 | L36: =MIP!AE$156 -> 37 | M36: =MIP!AF$156 -> 0 | ... P36: =MIP!AI$156 -> 19
A37: 11 | B37: =GI!H$12 -> Dawit Gebegziabher Teklay | C37: =GI!I$12 -> M | D37: =GI!J$12 -> 0 | E37: 1st Sem | F37: =MIP!Y$18 -> 63 | G37: =MIP!Z$18 -> 60 | H37: =MIP!AA$18 -> 76 | I37: =MIP!AB$18 -> 59 | J37: =MIP!AC$18 -> 60 | K37: =MIP!AD$18 -> 74 | L37: =MIP!AE$18 -> 66 | M37: =MIP!AF$18 -> 0 | ... P37: =MIP!AI$18 -> 35
E38: 2nd Sem | F38: =MIP!Y$85 -> 0 | G38: =MIP!Z$85 -> 0 | H38: =MIP!AA$85 -> 0 | I38: =MIP!AB$85 -> 0 | J38: =MIP!AC$85 -> 0 | K38: =MIP!AD$85 -> 0 | L38: =MIP!AE$85 -> 0 | M38: =MIP!AF$85 -> 0 | ... P38: =MIP!AI$85 -> 1
E39: Average | F39: =MIP!Y$157 -> 31.5 | G39: =MIP!Z$157 -> 30 | H39: =MIP!AA$157 -> 38 | I39: =MIP!AB$157 -> 29.5 | J39: =MIP!AC$157 -> 30 | K39: =MIP!AD$157 -> 37 | L39: =MIP!AE$157 -> 33 | M39: =MIP!AF$157 -> 0 | ... P39: =MIP!AI$157 -> 35
A40: 12 | B40: =GI!H$13 -> Ibrahim Ahmedin Ebrahim | C40: =GI!I$13 -> M | D40: =GI!J$13 -> 0 | E40: 1st Sem | F40: =MIP!Y$19 -> 74 | G40: =MIP!Z$19 -> 57 | H40: =MIP!AA$19 -> 86 | I40: =MIP!AB$19 -> 85 | J40: =MIP!AC$19 -> 74 | K40: =MIP!AD$19 -> 92 | L40: =MIP!AE$19 -> 81 | M40: =MIP!AF$19 -> 0 | ... P40: =MIP!AI$19 -> 8
E41: 2nd Sem | F41: =MIP!Y$86 -> 0 | G41: =MIP!Z$86 -> 0 | H41: =MIP!AA$86 -> 0 | I41: =MIP!AB$86 -> 0 | J41: =MIP!AC$86 -> 0 | K41: =MIP!AD$86 -> 0 | L41: =MIP!AE$86 -> 0 | M41: =MIP!AF$86 -> 0 | ... P41: =MIP!AI$86 -> 1
E42: Average | F42: =MIP!Y$158 -> 37 | G42: =MIP!Z$158 -> 28.5 | H42: =MIP!AA$158 -> 43 | I42: =MIP!AB$158 -> 42.5 | J42: =MIP!AC$158 -> 37 | K42: =MIP!AD$158 -> 46 | L42: =MIP!AE$158 -> 40.5 | M42: =MIP!AF$158 -> 0 | ... P42: =MIP!AI$158 -> 8
A43: 13 | B43: =GI!H$14 -> Eldana Tewelde Negash | C43: =GI!I$14 -> F | D43: =GI!J$14 -> 0 | E43: 1st Sem | F43: =MIP!Y$20 -> 61 | G43: =MIP!Z$20 -> 62 | H43: =MIP!AA$20 -> 81 | I43: =MIP!AB$20 -> 83 | J43: =MIP!AC$20 -> 72 | K43: =MIP!AD$20 -> 75 | L43: =MIP!AE$20 -> 74 | M43: =MIP!AF$20 -> 0 | ... P43: =MIP!AI$20 -> 18
E44: 2nd Sem | F44: =MIP!Y$87 -> 0 | G44: =MIP!Z$87 -> 0 | H44: =MIP!AA$87 -> 0 | I44: =MIP!AB$87 -> 0 | J44: =MIP!AC$87 -> 0 | K44: =MIP!AD$87 -> 0 | L44: =MIP!AE$87 -> 0 | M44: =MIP!AF$87 -> 0 | ... P44: =MIP!AI$87 -> 1
E45: Average | F45: =MIP!Y$159 -> 30.5 | G45: =MIP!Z$159 -> 31 | H45: =MIP!AA$159 -> 40.5 | I45: =MIP!AB$159 -> 41.5 | J45: =MIP!AC$159 -> 36 | K45: =MIP!AD$159 -> 37.5 | L45: =MIP!AE$159 -> 37 | M45: =MIP!AF$159 -> 0 | ... P45: =MIP!AI$159 -> 18
A46: 14 | B46: =GI!H$15 -> Elilta Asay Eyasu | C46: =GI!I$15 -> F | D46: =GI!J$15 -> 0 | E46: 1st Sem | F46: =MIP!Y$21 -> 75 | G46: =MIP!Z$21 -> 52 | H46: =MIP!AA$21 -> 90 | I46: =MIP!AB$21 -> 82 | J46: =MIP!AC$21 -> 79 | K46: =MIP!AD$21 -> 91 | L46: =MIP!AE$21 -> 88 | M46: =MIP!AF$21 -> 0 | ... P46: =MIP!AI$21 -> 6
E47: 2nd Sem | F47: =MIP!Y$88 -> 0 | G47: =MIP!Z$88 -> 0 | H47: =MIP!AA$88 -> 0 | I47: =MIP!AB$88 -> 0 | J47: =MIP!AC$88 -> 0 | K47: =MIP!AD$88 -> 0 | L47: =MIP!AE$88 -> 0 | M47: =MIP!AF$88 -> 0 | ... P47: =MIP!AI$88 -> 1
E48: Average | F48: =MIP!Y$160 -> 37.5 | G48: =MIP!Z$160 -> 26 | H48: =MIP!AA$160 -> 45 | I48: =MIP!AB$160 -> 41 | J48: =MIP!AC$160 -> 39.5 | K48: =MIP!AD$160 -> 45.5 | L48: =MIP!AE$160 -> 44 | M48: =MIP!AF$160 -> 0 | ... P48: =MIP!AI$160 -> 6
A49: 15 | B49: =GI!H$16 -> Emebet Haftay Gebremichael | C49: =GI!I$16 -> F | D49: =GI!J$16 -> 0 | E49: 1st Sem | F49: =MIP!Y$22 -> 76 | G49: =MIP!Z$22 -> 61 | H49: =MIP!AA$22 -> 100 | I49: =MIP!AB$22 -> 96 | J49: =MIP!AC$22 -> 88 | K49: =MIP!AD$22 -> 89 | L49: =MIP!AE$22 -> 94 | M49: =MIP!AF$22 -> 0 | ... P49: =MIP!AI$22 -> 3
E50: 2nd Sem | F50: =MIP!Y$89 -> 0 | G50: =MIP!Z$89 -> 0 | H50: =MIP!AA$89 -> 0 | I50: =MIP!AB$89 -> 0 | J50: =MIP!AC$89 -> 0 | K50: =MIP!AD$89 -> 0 | L50: =MIP!AE$89 -> 0 | M50: =MIP!AF$89 -> 0 | ... P50: =MIP!AI$89 -> 1
E51: Average | F51: =MIP!Y$161 -> 38 | G51: =MIP!Z$161 -> 30.5 | H51: =MIP!AA$161 -> 50 | I51: =MIP!AB$161 -> 48 | J51: =MIP!AC$161 -> 44 | K51: =MIP!AD$161 -> 44.5 | L51: =MIP!AE$161 -> 47 | M51: =MIP!AF$161 -> 0 | ... P51: =MIP!AI$161 -> 3
A52: 16 | B52: =GI!H$17 -> Ermiyas Gebremeskel Hailu | C52: =GI!I$17 -> M | D52: =GI!J$17 -> 0 | E52: 1st Sem | F52: =MIP!Y$23 -> 59 | G52: =MIP!Z$23 -> 60 | H52: =MIP!AA$23 -> 70 | I52: =MIP!AB$23 -> 76 | J52: =MIP!AC$23 -> 62 | K52: =MIP!AD$23 -> 90 | L52: =MIP!AE$23 -> 63 | M52: =MIP!AF$23 -> 0 | ... P52: =MIP!AI$23 -> 27
E53: 2nd Sem | F53: =MIP!Y$90 -> 0 | G53: =MIP!Z$90 -> 0 | H53: =MIP!AA$90 -> 0 | I53: =MIP!AB$90 -> 0 | J53: =MIP!AC$90 -> 0 | K53: =MIP!AD$90 -> 0 | L53: =MIP!AE$90 -> 0 | M53: =MIP!AF$90 -> 0 | ... P53: =MIP!AI$90 -> 1
E54: Average | F54: =MIP!Y$162 -> 29.5 | G54: =MIP!Z$162 -> 30 | H54: =MIP!AA$162 -> 35 | I54: =MIP!AB$162 -> 38 | J54: =MIP!AC$162 -> 31 | K54: =MIP!AD$162 -> 45 | L54: =MIP!AE$162 -> 31.5 | M54: =MIP!AF$162 -> 0 | ... P54: =MIP!AI$162 -> 27
A55: 17 | B55: =GI!H$18 -> Esrom Amanuel Tsegay | C55: =GI!I$18 -> M | D55: =GI!J$18 -> 0 | E55: 1st Sem | F55: =MIP!Y$24 -> 62 | G55: =MIP!Z$24 -> 65 | H55: =MIP!AA$24 -> 92 | I55: =MIP!AB$24 -> 84 | J55: =MIP!AC$24 -> 81 | K55: =MIP!AD$24 -> 93 | L55: =MIP!AE$24 -> 91 | M55: =MIP!AF$24 -> 0 | ... P55: =MIP!AI$24 -> 4
E56: 2nd Sem | F56: =MIP!Y$91 -> 0 | G56: =MIP!Z$91 -> 0 | H56: =MIP!AA$91 -> 0 | I56: =MIP!AB$91 -> 0 | J56: =MIP!AC$91 -> 0 | K56: =MIP!AD$91 -> 0 | L56: =MIP!AE$91 -> 0 | M56: =MIP!AF$91 -> 0 | ... P56: =MIP!AI$91 -> 1
E57: Average | F57: =MIP!Y$163 -> 31 | G57: =MIP!Z$163 -> 32.5 | H57: =MIP!AA$163 -> 46 | I57: =MIP!AB$163 -> 42 | J57: =MIP!AC$163 -> 40.5 | K57: =MIP!AD$163 -> 46.5 | L57: =MIP!AE$163 -> 45.5 | M57: =MIP!AF$163 -> 0 | ... P57: =MIP!AI$163 -> 4
A58: 18 | B58: =GI!H$19 -> Eyorsalem Afera Gebremedhin | C58: =GI!I$19 -> F | D58: =GI!J$19 -> 0 | E58: 1st Sem | F58: =MIP!Y$25 -> 83 | G58: =MIP!Z$25 -> 83 | H58: =MIP!AA$25 -> 97 | I58: =MIP!AB$25 -> 91 | J58: =MIP!AC$25 -> 76 | K58: =MIP!AD$25 -> 95 | L58: =MIP!AE$25 -> 98 | M58: =MIP!AF$25 -> 0 | ... P58: =MIP!AI$25 -> 2
E59: 2nd Sem | F59: =MIP!Y$92 -> 0 | G59: =MIP!Z$92 -> 0 | H59: =MIP!AA$92 -> 0 | I59: =MIP!AB$92 -> 0 | J59: =MIP!AC$92 -> 0 | K59: =MIP!AD$92 -> 0 | L59: =MIP!AE$92 -> 0 | M59: =MIP!AF$92 -> 0 | ... P59: =MIP!AI$92 -> 1
E60: Average | F60: =MIP!Y$164 -> 41.5 | G60: =MIP!Z$164 -> 41.5 | H60: =MIP!AA$164 -> 48.5 | I60: =MIP!AB$164 -> 45.5 | J60: =MIP!AC$164 -> 38 | K60: =MIP!AD$164 -> 47.5 | L60: =MIP!AE$164 -> 49 | M60: =MIP!AF$164 -> 0 | ... P60: =MIP!AI$164 -> 2
A61: 19 | B61: =GI!H$20 -> Fasil Alem Kahsay | C61: =GI!I$20 -> M | D61: =GI!J$20 -> 0 | E61: 1st Sem | F61: =MIP!Y$26 -> 62 | G61: =MIP!Z$26 -> 55 | H61: =MIP!AA$26 -> 80 | I61: =MIP!AB$26 -> 63 | J61: =MIP!AC$26 -> 56 | K61: =MIP!AD$26 -> 65 | L61: =MIP!AE$26 -> 75 | M61: =MIP!AF$26 -> 0 | ... P61: =MIP!AI$26 -> 36
E62: 2nd Sem | F62: =MIP!Y$93 -> 0 | G62: =MIP!Z$93 -> 0 | H62: =MIP!AA$93 -> 0 | I62: =MIP!AB$93 -> 0 | J62: =MIP!AC$93 -> 0 | K62: =MIP!AD$93 -> 0 | L62: =MIP!AE$93 -> 0 | M62: =MIP!AF$93 -> 0 | ... P62: =MIP!AI$93 -> 1
E63: Average | F63: =MIP!Y$165 -> 31 | G63: =MIP!Z$165 -> 27.5 | H63: =MIP!AA$165 -> 40 | I63: =MIP!AB$165 -> 31.5 | J63: =MIP!AC$165 -> 28 | K63: =MIP!AD$165 -> 32.5 | L63: =MIP!AE$165 -> 37.5 | M63: =MIP!AF$165 -> 0 | ... P63: =MIP!AI$165 -> 36
A64: 20 | B64: =GI!H$21 -> Hassen Abdelruhman Salih | C64: =GI!I$21 -> M | D64: =GI!J$21 -> 0 | E64: 1st Sem | F64: =MIP!Y$27 -> 68 | G64: =MIP!Z$27 -> 64 | H64: =MIP!AA$27 -> 75 | I64: =MIP!AB$27 -> 76 | J64: =MIP!AC$27 -> 64 | K64: =MIP!AD$27 -> 95 | L64: =MIP!AE$27 -> 78 | M64: =MIP!AF$27 -> 0 | ... P64: =MIP!AI$27 -> 16
E65: 2nd Sem | F65: =MIP!Y$94 -> 0 | G65: =MIP!Z$94 -> 0 | H65: =MIP!AA$94 -> 0 | I65: =MIP!AB$94 -> 0 | J65: =MIP!AC$94 -> 0 | K65: =MIP!AD$94 -> 0 | L65: =MIP!AE$94 -> 0 | M65: =MIP!AF$94 -> 0 | ... P65: =MIP!AI$94 -> 1
E66: Average | F66: =MIP!Y$166 -> 34 | G66: =MIP!Z$166 -> 32 | H66: =MIP!AA$166 -> 37.5 | I66: =MIP!AB$166 -> 38 | J66: =MIP!AC$166 -> 32 | K66: =MIP!AD$166 -> 47.5 | L66: =MIP!AE$166 -> 39 | M66: =MIP!AF$166 -> 0 | ... P66: =MIP!AI$166 -> 16
A67: 21 | B67: =GI!H$22 -> Heldana Mengstu Mebrahtu | C67: =GI!I$22 -> F | D67: =GI!J$22 -> 0 | E67: 1st Sem | F67: =MIP!Y$28 -> 76 | G67: =MIP!Z$28 -> 60 | H67: =MIP!AA$28 -> 84 | I67: =MIP!AB$28 -> 87 | J67: =MIP!AC$28 -> 73 | K67: =MIP!AD$28 -> 82 | L67: =MIP!AE$28 -> 82 | M67: =MIP!AF$28 -> 0 | ... P67: =MIP!AI$28 -> 10
E68: 2nd Sem | F68: =MIP!Y$95 -> 0 | G68: =MIP!Z$95 -> 0 | H68: =MIP!AA$95 -> 0 | I68: =MIP!AB$95 -> 0 | J68: =MIP!AC$95 -> 0 | K68: =MIP!AD$95 -> 0 | L68: =MIP!AE$95 -> 0 | M68: =MIP!AF$95 -> 0 | ... P68: =MIP!AI$95 -> 1
E69: Average | F69: =MIP!Y$167 -> 38 | G69: =MIP!Z$167 -> 30 | H69: =MIP!AA$167 -> 42 | I69: =MIP!AB$167 -> 43.5 | J69: =MIP!AC$167 -> 36.5 | K69: =MIP!AD$167 -> 41 | L69: =MIP!AE$167 -> 41 | M69: =MIP!AF$167 -> 0 | ... P69: =MIP!AI$167 -> 10
A70: 22 | B70: =GI!H$23 -> Hilina Aregawi Abrha | C70: =GI!I$23 -> F | D70: =GI!J$23 -> 0 | E70: 1st Sem | F70: =MIP!Y$29 -> 61 | G70: =MIP!Z$29 -> 54 | H70: =MIP!AA$29 -> 94 | I70: =MIP!AB$29 -> 80 | J70: =MIP!AC$29 -> 72 | K70: =MIP!AD$29 -> 84 | L70: =MIP!AE$29 -> 88 | M70: =MIP!AF$29 -> 0 | ... P70: =MIP!AI$29 -> 12
E71: 2nd Sem | F71: =MIP!Y$96 -> 0 | G71: =MIP!Z$96 -> 0 | H71: =MIP!AA$96 -> 0 | I71: =MIP!AB$96 -> 0 | J71: =MIP!AC$96 -> 0 | K71: =MIP!AD$96 -> 0 | L71: =MIP!AE$96 -> 0 | M71: =MIP!AF$96 -> 0 | ... P71: =MIP!AI$96 -> 1
E72: Average | F72: =MIP!Y$168 -> 30.5 | G72: =MIP!Z$168 -> 27 | H72: =MIP!AA$168 -> 47 | I72: =MIP!AB$168 -> 40 | J72: =MIP!AC$168 -> 36 | K72: =MIP!AD$168 -> 42 | L72: =MIP!AE$168 -> 44 | M72: =MIP!AF$168 -> 0 | ... P72: =MIP!AI$168 -> 12
A73: 23 | B73: =GI!H$24 -> Kaleab Haile Kahsay | C73: =GI!I$24 -> M | D73: =GI!J$24 -> 0 | E73: 1st Sem | F73: =MIP!Y$30 -> 74 | G73: =MIP!Z$30 -> 53 | H73: =MIP!AA$30 -> 82 | I73: =MIP!AB$30 -> 78 | J73: =MIP!AC$30 -> 73 | K73: =MIP!AD$30 -> 84 | L73: =MIP!AE$30 -> 78 | M73: =MIP!AF$30 -> 0 | ... P73: =MIP!AI$30 -> 14
E74: 2nd Sem | F74: =MIP!Y$97 -> 0 | G74: =MIP!Z$97 -> 0 | H74: =MIP!AA$97 -> 0 | I74: =MIP!AB$97 -> 0 | J74: =MIP!AC$97 -> 0 | K74: =MIP!AD$97 -> 0 | L74: =MIP!AE$97 -> 0 | M74: =MIP!AF$97 -> 0 | ... P74: =MIP!AI$97 -> 1
E75: Average | F75: =MIP!Y$169 -> 37 | G75: =MIP!Z$169 -> 26.5 | H75: =MIP!AA$169 -> 41 | I75: =MIP!AB$169 -> 39 | J75: =MIP!AC$169 -> 36.5 | K75: =MIP!AD$169 -> 42 | L75: =MIP!AE$169 -> 39 | M75: =MIP!AF$169 -> 0 | ... P75: =MIP!AI$169 -> 14
A76: 24 | B76: =GI!H$25 -> Kalkidan Haile Berhe | C76: =GI!I$25 -> F | D76: =GI!J$25 -> 0 | E76: 1st Sem | F76: =MIP!Y$31 -> 71 | G76: =MIP!Z$31 -> 51 | H76: =MIP!AA$31 -> 55 | I76: =MIP!AB$31 -> 51 | J76: =MIP!AC$31 -> 58 | K76: =MIP!AD$31 -> 82 | L76: =MIP!AE$31 -> 71 | M76: =MIP!AF$31 -> 0 | ... P76: =MIP!AI$31 -> 38
E77: 2nd Sem | F77: =MIP!Y$98 -> 0 | G77: =MIP!Z$98 -> 0 | H77: =MIP!AA$98 -> 0 | I77: =MIP!AB$98 -> 0 | J77: =MIP!AC$98 -> 0 | K77: =MIP!AD$98 -> 0 | L77: =MIP!AE$98 -> 0 | M77: =MIP!AF$98 -> 0 | ... P77: =MIP!AI$98 -> 1
E78: Average | F78: =MIP!Y$170 -> 35.5 | G78: =MIP!Z$170 -> 25.5 | H78: =MIP!AA$170 -> 27.5 | I78: =MIP!AB$170 -> 25.5 | J78: =MIP!AC$170 -> 29 | K78: =MIP!AD$170 -> 41 | L78: =MIP!AE$170 -> 35.5 | M78: =MIP!AF$170 -> 0 | ... P78: =MIP!AI$170 -> 38
A79: 25 | B79: =GI!H$26 -> Kidus Tadesse Yewegalet | C79: =GI!I$26 -> M | D79: =GI!J$26 -> 0 | E79: 1st Sem | F79: =MIP!Y$32 -> 59 | G79: =MIP!Z$32 -> 60 | H79: =MIP!AA$32 -> 74 | I79: =MIP!AB$32 -> 72 | J79: =MIP!AC$32 -> 53 | K79: =MIP!AD$32 -> 82 | L79: =MIP!AE$32 -> 76 | M79: =MIP!AF$32 -> 0 | ... P79: =MIP!AI$32 -> 29
E80: 2nd Sem | F80: =MIP!Y$99 -> 0 | G80: =MIP!Z$99 -> 0 | H80: =MIP!AA$99 -> 0 | I80: =MIP!AB$99 -> 0 | J80: =MIP!AC$99 -> 0 | K80: =MIP!AD$99 -> 0 | L80: =MIP!AE$99 -> 0 | M80: =MIP!AF$99 -> 0 | ... P80: =MIP!AI$99 -> 1
E81: Average | F81: =MIP!Y$171 -> 29.5 | G81: =MIP!Z$171 -> 30 | H81: =MIP!AA$171 -> 37 | I81: =MIP!AB$171 -> 36 | J81: =MIP!AC$171 -> 26.5 | K81: =MIP!AD$171 -> 41 | L81: =MIP!AE$171 -> 38 | M81: =MIP!AF$171 -> 0 | ... P81: =MIP!AI$171 -> 29
A82: 26 | B82: =GI!H$27 -> Lidiya Mulu Gebreegzabher | C82: =GI!I$27 -> F | D82: =GI!J$27 -> 0 | E82: 1st Sem | F82: =MIP!Y$33 -> 49 | G82: =MIP!Z$33 -> 58 | H82: =MIP!AA$33 -> 63 | I82: =MIP!AB$33 -> 61 | J82: =MIP!AC$33 -> 49 | K82: =MIP!AD$33 -> 73 | L82: =MIP!AE$33 -> 74 | M82: =MIP!AF$33 -> 0 | ... P82: =MIP!AI$33 -> 40
E83: 2nd Sem | F83: =MIP!Y$100 -> 0 | G83: =MIP!Z$100 -> 0 | H83: =MIP!AA$100 -> 0 | I83: =MIP!AB$100 -> 0 | J83: =MIP!AC$100 -> 0 | K83: =MIP!AD$100 -> 0 | L83: =MIP!AE$100 -> 0 | M83: =MIP!AF$100 -> 0 | ... P83: =MIP!AI$100 -> 1
E84: Average | F84: =MIP!Y$172 -> 24.5 | G84: =MIP!Z$172 -> 29 | H84: =MIP!AA$172 -> 31.5 | I84: =MIP!AB$172 -> 30.5 | J84: =MIP!AC$172 -> 24.5 | K84: =MIP!AD$172 -> 36.5 | L84: =MIP!AE$172 -> 37 | M84: =MIP!AF$172 -> 0 | ... P84: =MIP!AI$172 -> 40
A85: 27 | B85: =GI!H$28 -> Menkem Solomon Yihdego | C85: =GI!I$28 -> M | D85: =GI!J$28 -> 0 | E85: 1st Sem | F85: =MIP!Y$34 -> 48 | G85: =MIP!Z$34 -> 60 | H85: =MIP!AA$34 -> 69 | I85: =MIP!AB$34 -> 71 | J85: =MIP!AC$34 -> 72 | K85: =MIP!AD$34 -> 86 | L85: =MIP!AE$34 -> 63 | M85: =MIP!AF$34 -> 0 | ... P85: =MIP!AI$34 -> 32
E86: 2nd Sem | F86: =MIP!Y$101 -> 0 | G86: =MIP!Z$101 -> 0 | H86: =MIP!AA$101 -> 0 | I86: =MIP!AB$101 -> 0 | J86: =MIP!AC$101 -> 0 | K86: =MIP!AD$101 -> 0 | L86: =MIP!AE$101 -> 0 | M86: =MIP!AF$101 -> 0 | ... P86: =MIP!AI$101 -> 1
E87: Average | F87: =MIP!Y$173 -> 24 | G87: =MIP!Z$173 -> 30 | H87: =MIP!AA$173 -> 34.5 | I87: =MIP!AB$173 -> 35.5 | J87: =MIP!AC$173 -> 36 | K87: =MIP!AD$173 -> 43 | L87: =MIP!AE$173 -> 31.5 | M87: =MIP!AF$173 -> 0 | ... P87: =MIP!AI$173 -> 32
A88: 28 | B88: =GI!H$29 -> Mewael Semere Tewelde | C88: =GI!I$29 -> M | D88: =GI!J$29 -> 0 | E88: 1st Sem | F88: =MIP!Y$35 -> 77 | G88: =MIP!Z$35 -> 57 | H88: =MIP!AA$35 -> 80 | I88: =MIP!AB$35 -> 71 | J88: =MIP!AC$35 -> 65 | K88: =MIP!AD$35 -> 88 | L88: =MIP!AE$35 -> 73 | M88: =MIP!AF$35 -> 0 | ... P88: =MIP!AI$35 -> 17
E89: 2nd Sem | F89: =MIP!Y$102 -> 0 | G89: =MIP!Z$102 -> 0 | H89: =MIP!AA$102 -> 0 | I89: =MIP!AB$102 -> 0 | J89: =MIP!AC$102 -> 0 | K89: =MIP!AD$102 -> 0 | L89: =MIP!AE$102 -> 0 | M89: =MIP!AF$102 -> 0 | ... P89: =MIP!AI$102 -> 1
E90: Average | F90: =MIP!Y$174 -> 38.5 | G90: =MIP!Z$174 -> 28.5 | H90: =MIP!AA$174 -> 40 | I90: =MIP!AB$174 -> 35.5 | J90: =MIP!AC$174 -> 32.5 | K90: =MIP!AD$174 -> 44 | L90: =MIP!AE$174 -> 36.5 | M90: =MIP!AF$174 -> 0 | ... P90: =MIP!AI$174 -> 17
A91: 29 | B91: =GI!H$30 -> Mikiyas Engida Mesfin | C91: =GI!I$30 -> M | D91: =GI!J$30 -> 0 | E91: 1st Sem | F91: =MIP!Y$36 -> 62 | G91: =MIP!Z$36 -> 63 | H91: =MIP!AA$36 -> 70 | I91: =MIP!AB$36 -> 69 | J91: =MIP!AC$36 -> 57 | K91: =MIP!AD$36 -> 85 | L91: =MIP!AE$36 -> 68 | M91: =MIP!AF$36 -> 0 | ... P91: =MIP!AI$36 -> 30
E92: 2nd Sem | F92: =MIP!Y$103 -> 0 | G92: =MIP!Z$103 -> 0 | H92: =MIP!AA$103 -> 0 | I92: =MIP!AB$103 -> 0 | J92: =MIP!AC$103 -> 0 | K92: =MIP!AD$103 -> 0 | L92: =MIP!AE$103 -> 0 | M92: =MIP!AF$103 -> 0 | ... P92: =MIP!AI$103 -> 1
E93: Average | F93: =MIP!Y$175 -> 31 | G93: =MIP!Z$175 -> 31.5 | H93: =MIP!AA$175 -> 35 | I93: =MIP!AB$175 -> 34.5 | J93: =MIP!AC$175 -> 28.5 | K93: =MIP!AD$175 -> 42.5 | L93: =MIP!AE$175 -> 34 | M93: =MIP!AF$175 -> 0 | ... P93: =MIP!AI$175 -> 30
A94: 30 | B94: =GI!H$31 -> Nahom Gobezay Beyene | C94: =GI!I$31 -> M | D94: =GI!J$31 -> 0 | E94: 1st Sem | F94: =MIP!Y$37 -> 85 | G94: =MIP!Z$37 -> 90 | H94: =MIP!AA$37 -> 98 | I94: =MIP!AB$37 -> 96 | J94: =MIP!AC$37 -> 91 | K94: =MIP!AD$37 -> 97 | L94: =MIP!AE$37 -> 86 | M94: =MIP!AF$37 -> 0 | ... P94: =MIP!AI$37 -> 1
E95: 2nd Sem | F95: =MIP!Y$104 -> 0 | G95: =MIP!Z$104 -> 0 | H95: =MIP!AA$104 -> 0 | I95: =MIP!AB$104 -> 0 | J95: =MIP!AC$104 -> 0 | K95: =MIP!AD$104 -> 0 | L95: =MIP!AE$104 -> 0 | M95: =MIP!AF$104 -> 0 | ... P95: =MIP!AI$104 -> 1
E96: Average | F96: =MIP!Y$176 -> 42.5 | G96: =MIP!Z$176 -> 45 | H96: =MIP!AA$176 -> 49 | I96: =MIP!AB$176 -> 48 | J96: =MIP!AC$176 -> 45.5 | K96: =MIP!AD$176 -> 48.5 | L96: =MIP!AE$176 -> 43 | M96: =MIP!AF$176 -> 0 | ... P96: =MIP!AI$176 -> 1
A97: 31 | B97: =GI!H$32 -> Nebyu Dawit Tadesse | C97: =GI!I$32 -> M | D97: =GI!J$32 -> 0 | E97: 1st Sem | F97: =MIP!Y$38 -> 84 | G97: =MIP!Z$38 -> 61 | H97: =MIP!AA$38 -> 92 | I97: =MIP!AB$38 -> 84 | J97: =MIP!AC$38 -> 77 | K97: =MIP!AD$38 -> 93 | L97: =MIP!AE$38 -> 72 | M97: =MIP!AF$38 -> 0 | ... P97: =MIP!AI$38 -> 5
E98: 2nd Sem | F98: =MIP!Y$105 -> 0 | G98: =MIP!Z$105 -> 0 | H98: =MIP!AA$105 -> 0 | I98: =MIP!AB$105 -> 0 | J98: =MIP!AC$105 -> 0 | K98: =MIP!AD$105 -> 0 | L98: =MIP!AE$105 -> 0 | M98: =MIP!AF$105 -> 0 | ... P98: =MIP!AI$105 -> 1
E99: Average | F99: =MIP!Y$177 -> 42 | G99: =MIP!Z$177 -> 30.5 | H99: =MIP!AA$177 -> 46 | I99: =MIP!AB$177 -> 42 | J99: =MIP!AC$177 -> 38.5 | K99: =MIP!AD$177 -> 46.5 | L99: =MIP!AE$177 -> 36 | M99: =MIP!AF$177 -> 0 | ... P99: =MIP!AI$177 -> 5
A100: 32 | B100: =GI!H$33 -> Rahwa Luel Birhane | C100: =GI!I$33 -> F | D100: =GI!J$33 -> 0 | E100: 1st Sem | F100: =MIP!Y$39 -> 70 | G100: =MIP!Z$39 -> 65 | H100: =MIP!AA$39 -> 81 | I100: =MIP!AB$39 -> 94 | J100: =MIP!AC$39 -> 78 | K100: =MIP!AD$39 -> 88 | L100: =MIP!AE$39 -> 79 | M100: =MIP!AF$39 -> 0 | ... P100: =MIP!AI$39 -> 7
...

Sheet GRF
C1: =CONCATENATE(GI!$D$1, " ", GI!$D$35) -> SHEBA ACADEMY 3rd Cycle
C2: =GI!$A$37 -> Temporary Grade Report
A3: Student's Name: | E3: =GI!$H$2 -> Amanuel Hagos Tesfay | M3: =GI!$A$34 -> Academic Year | O3: =GI!C53 -> 0
A4: Grade/Section: | E4: =GI!$A$3 -> 11 | F4: =GI!$C$3 -> D | I4: No. | J4: 1 | M4: =GI!$C$34 -> 2025/26 G.C
A6: Score | B6: Subjects | N6: Total | O6: Average | P6: Rank
B7: =MIP!$Y$7 -> ENG | D7: =MIP!$Z$7 -> MAT | F7: =MIP!$AA$7 -> HIS | G7: =MIP!$AB$7 -> GEO | H7: =MIP!$AC$7 -> ECO | J7: =MIP!$AD$7 -> ICT | L7: =MIP!$AE$7 -> ACC | M7: =MIP!$AF$7 -> - | N7: #REF!
A9: 1st S | B9: =MIP!Y$8 -> 76 | D9: =MIP!Z$8 -> 57 | F9: =MIP!AA$8 -> 91 | G9: =MIP!AB$8 -> 85 | H9: =MIP!AC$8 -> 71 | J9: =MIP!AD$8 -> 82 | L9: =MIP!AE$8 -> 83 | M9: =MIP!AF$8 -> 0 | N9: =MIP!AG$8 -> 545 | O9: =MIP!AH$8 -> 77.857143 | P9: =MIP!AI$8 -> 9
A10: 2nd S | B10: =MIP!Y$75 -> 0 | D10: =MIP!Z$75 -> 0 | F10: =MIP!AA$75 -> 0 | G10: =MIP!AB$75 -> 0 | H10: =MIP!AC$75 -> 0 | J10: =MIP!AD$75 -> 0 | L10: =MIP!AE$75 -> 0 | M10: =MIP!AF$75 -> 0 | N10: =MIP!AG$75 -> 0 | O10: =MIP!AH$75 -> 0 | P10: =MIP!AI$75 -> 1
A11: Ave. | B11: =MIP!Y$147 -> 38 | D11: =MIP!Z$147 -> 28.5 | F11: =MIP!AA$147 -> 45.5 | G11: =MIP!AB$147 -> 42.5 | H11: =MIP!AC$147 -> 35.5 | J11: =MIP!AD$147 -> 41 | L11: =MIP!AE$147 -> 41.5 | M11: =MIP!AF$147 -> 0 | N11: =MIP!AG$147 -> 272.5 | O11: =MIP!AH$147 -> 38.928571 | P11: =MIP!AI$147 -> 9
A13: =GI!$E$23 & ":" -> Homeroom Teacher's Name: | F13: =GI!$E$25 -> Biniam Desta | J13: =GI!$D$23 & ":" -> Academic Director's Name: | N13: =GI!$D$25 -> Mr. Brhane Yohanes
D14: =GI!$B$65 & ":" -> Signature: | K14: =GI!$B$65 & ":" -> Signature:
C16: =CONCATENATE(GI!$D$1, " ", GI!$D$35) -> SHEBA ACADEMY 3rd Cycle
C17: =GI!$A$37 -> Temporary Grade Report
A18: Student's Name: | E18: =GI!$H$3 -> Beamlak Sultan Weldegebriel | M18: =GI!$A$34 -> Academic Year | O18: =GI!C68 -> 0
A19: Grade/Section: | E19: =GI!$A$3 -> 11 | F19: =GI!$C$3 -> D | I19: No. | J19: 2 | M19: =GI!$C$34 -> 2025/26 G.C
A21: Score | B21: Subjects | N21: Total | O21: Average | P21: Rank
B22: =MIP!$Y$7 -> ENG | D22: =MIP!$Z$7 -> MAT | F22: =MIP!$AA$7 -> HIS | G22: =MIP!$AB$7 -> GEO | H22: =MIP!$AC$7 -> ECO | J22: =MIP!$AD$7 -> ICT | L22: =MIP!$AE$7 -> ACC | M22: =MIP!$AF$7 -> - | N22: #REF!
A24: 1st S | B24: =MIP!Y$9 -> 67 | D24: =MIP!Z$9 -> 53 | F24: =MIP!AA$9 -> 67 | G24: =MIP!AB$9 -> 71 | H24: =MIP!AC$9 -> 68 | J24: =MIP!AD$9 -> 85 | L24: =MIP!AE$9 -> 78 | M24: =MIP!AF$9 -> 0 | N24: =MIP!AG$9 -> 489 | O24: =MIP!AH$9 -> 69.857143 | P24: =MIP!AI$9 -> 24
A25: 2nd S | B25: =MIP!Y$76 -> 0 | D25: =MIP!Z$76 -> 0 | F25: =MIP!AA$76 -> 0 | G25: =MIP!AB$76 -> 0 | H25: =MIP!AC$76 -> 0 | J25: =MIP!AD$76 -> 0 | L25: =MIP!AE$76 -> 0 | M25: =MIP!AF$76 -> 0 | N25: =MIP!AG$76 -> 0 | O25: =MIP!AH$76 -> 0 | P25: =MIP!AI$76 -> 1
A26: Ave. | B26: =MIP!Y$148 -> 33.5 | D26: =MIP!Z$148 -> 26.5 | F26: =MIP!AA$148 -> 33.5 | G26: =MIP!AB$148 -> 35.5 | H26: =MIP!AC$148 -> 34 | J26: =MIP!AD$148 -> 42.5 | L26: =MIP!AE$148 -> 39 | M26: =MIP!AF$148 -> 0 | N26: =MIP!AG$148 -> 244.5 | O26: =MIP!AH$148 -> 34.928571 | P26: =MIP!AI$148 -> 24
A28: =GI!$E$23 & ":" -> Homeroom Teacher's Name: | F28: =GI!$E$25 -> Biniam Desta | J28: =GI!$D$23 & ":" -> Academic Director's Name: | N28: =GI!$D$25 -> Mr. Brhane Yohanes
D29: =GI!$B$65 & ":" -> Signature: | K29: =GI!$B$65 & ":" -> Signature:
C31: =CONCATENATE(GI!$D$1, " ", GI!$D$35) -> SHEBA ACADEMY 3rd Cycle
C32: =GI!$A$37 -> Temporary Grade Report
A33: Student's Name: | E33: =GI!$H$4 -> Betelihim Kalayu Mamo | M33: =GI!$A$34 -> Academic Year | O33: =GI!C83 -> 0
A34: Grade/Section: | E34: =GI!$A$3 -> 11 | F34: =GI!$C$3 -> D | I34: No. | J34: 3 | M34: =GI!$C$34 -> 2025/26 G.C
A36: Score | B36: Subjects | N36: Total | O36: Average | P36: Rank
B37: =MIP!$Y$7 -> ENG | D37: =MIP!$Z$7 -> MAT | F37: =MIP!$AA$7 -> HIS | G37: =MIP!$AB$7 -> GEO | H37: =MIP!$AC$7 -> ECO | J37: =MIP!$AD$7 -> ICT | L37: =MIP!$AE$7 -> ACC | M37: =MIP!$AF$7 -> - | N37: #REF!
A39: 1st S | B39: =MIP!Y$10 -> 59 | D39: =MIP!Z$10 -> 65 | F39: =MIP!AA$10 -> 68 | G39: =MIP!AB$10 -> 79 | H39: =MIP!AC$10 -> 62 | J39: =MIP!AD$10 -> 93 | L39: =MIP!AE$10 -> 76 | M39: =MIP!AF$10 -> 0 | N39: =MIP!AG$10 -> 502 | O39: =MIP!AH$10 -> 71.714286 | P39: =MIP!AI$10 -> 20
A40: 2nd S | B40: =MIP!Y$77 -> 0 | D40: =MIP!Z$77 -> 0 | F40: =MIP!AA$77 -> 0 | G40: =MIP!AB$77 -> 0 | H40: =MIP!AC$77 -> 0 | J40: =MIP!AD$77 -> 0 | L40: =MIP!AE$77 -> 0 | M40: =MIP!AF$77 -> 0 | N40: =MIP!AG$77 -> 0 | O40: =MIP!AH$77 -> 0 | P40: =MIP!AI$77 -> 1
A41: Ave. | B41: =MIP!Y$149 -> 29.5 | D41: =MIP!Z$149 -> 32.5 | F41: =MIP!AA$149 -> 34 | G41: =MIP!AB$149 -> 39.5 | H41: =MIP!AC$149 -> 31 | J41: =MIP!AD$149 -> 46.5 | L41: =MIP!AE$149 -> 38 | M41: =MIP!AF$149 -> 0 | N41: =MIP!AG$149 -> 251 | O41: =MIP!AH$149 -> 35.857143 | P41: =MIP!AI$149 -> 20
A43: =GI!$E$23 & ":" -> Homeroom Teacher's Name: | F43: =GI!$E$25 -> Biniam Desta | J43: =GI!$D$23 & ":" -> Academic Director's Name: | N43: =GI!$D$25 -> Mr. Brhane Yohanes
D44: =GI!$B$65 & ":" -> Signature: | K44: =GI!$B$65 & ":" -> Signature:
C46: =CONCATENATE(GI!$D$1, " ", GI!$D$35) -> SHEBA ACADEMY 3rd Cycle
C47: =GI!$A$37 -> Temporary Grade Report
A48: Student's Name: | E48: =GI!$H$5 -> Bethelhem Teklay Weldegerima | M48: =GI!$A$34 -> Academic Year | O48: =GI!C97 -> 0
A49: Grade/Section: | E49: =GI!$A$3 -> 11 | F49: =GI!$C$3 -> D | I49: No. | J49: 4 | M49: =GI!$C$34 -> 2025/26 G.C
A51: Score | B51: Subjects | N51: Total | O51: Average | P51: Rank
B52: =MIP!$Y$7 -> ENG | D52: =MIP!$Z$7 -> MAT | F52: =MIP!$AA$7 -> HIS | G52: =MIP!$AB$7 -> GEO | H52: =MIP!$AC$7 -> ECO | J52: =MIP!$AD$7 -> ICT | L52: =MIP!$AE$7 -> ACC | M52: =MIP!$AF$7 -> - | N52: #REF!
A54: 1st S | B54: =MIP!Y$11 -> 77 | D54: =MIP!Z$11 -> 56 | F54: =MIP!AA$11 -> 90 | G54: =MIP!AB$11 -> 71 | H54: =MIP!AC$11 -> 75 | J54: =MIP!AD$11 -> 86 | L54: =MIP!AE$11 -> 75 | M54: =MIP!AF$11 -> 0 | N54: =MIP!AG$11 -> 530 | O54: =MIP!AH$11 -> 75.714286 | P54: =MIP!AI$11 -> 13
A55: 2nd S | B55: =MIP!Y$78 -> 0 | D55: =MIP!Z$78 -> 0 | F55: =MIP!AA$78 -> 0 | G55: =MIP!AB$78 -> 0 | H55: =MIP!AC$78 -> 0 | J55: =MIP!AD$78 -> 0 | L55: =MIP!AE$78 -> 0 | M55: =MIP!AF$78 -> 0 | N55: =MIP!AG$78 -> 0 | O55: =MIP!AH$78 -> 0 | P55: =MIP!AI$78 -> 1
A56: Ave. | B56: =MIP!Y$150 -> 38.5 | D56: =MIP!Z$150 -> 28 | F56: =MIP!AA$150 -> 45 | G56: =MIP!AB$150 -> 35.5 | H56: =MIP!AC$150 -> 37.5 | J56: =MIP!AD$150 -> 43 | L56: =MIP!AE$150 -> 37.5 | M56: =MIP!AF$150 -> 0 | N56: =MIP!AG$150 -> 265 | O56: =MIP!AH$150 -> 37.857143 | P56: =MIP!AI$150 -> 13
A58: =GI!$E$23 & ":" -> Homeroom Teacher's Name: | F58: =GI!$E$25 -> Biniam Desta | J58: =GI!$D$23 & ":" -> Academic Director's Name: | N58: =GI!$D$25 -> Mr. Brhane Yohanes
D59: =GI!$B$65 & ":" -> Signature: | K59: =GI!$B$65 & ":" -> Signature:
C61: =CONCATENATE(GI!$D$1, " ", GI!$D$35) -> SHEBA ACADEMY 3rd Cycle
C62: =GI!$A$37 -> Temporary Grade Report
A63: Student's Name: | E63: =GI!$H$6 -> Bilen Mesfin Taye | M63: =GI!$A$34 -> Academic Year | O63: =GI!C112 -> 0
A64: Grade/Section: | E64: =GI!$A$3 -> 11 | F64: =GI!$C$3 -> D | I64: No. | J64: 5 | M64: =GI!$C$34 -> 2025/26 G.C
A66: Score | B66: Subjects | N66: Total | O66: Average | P66: Rank
B67: =MIP!$Y$7 -> ENG | D67: =MIP!$Z$7 -> MAT | F67: =MIP!$AA$7 -> HIS | G67: =MIP!$AB$7 -> GEO | H67: =MIP!$AC$7 -> ECO | J67: =MIP!$AD$7 -> ICT | L67: =MIP!$AE$7 -> ACC | M67: =MIP!$AF$7 -> - | N67: #REF!
A69: 1st S | B69: =MIP!Y$12 -> 57 | D69: =MIP!Z$12 -> 55 | F69: =MIP!AA$12 -> 55 | G69: =MIP!AB$12 -> 33 | H69: =MIP!AC$12 -> 44 | J69: =MIP!AD$12 -> 67 | L69: =MIP!AE$12 -> 82 | M69: =MIP!AF$12 -> 0 | N69: =MIP!AG$12 -> 393 | O69: =MIP!AH$12 -> 56.142857 | P69: =MIP!AI$12 -> 43
A70: 2nd S | B70: =MIP!Y$79 -> 0 | D70: =MIP!Z$79 -> 0 | F70: =MIP!AA$79 -> 0 | G70: =MIP!AB$79 -> 0 | H70: =MIP!AC$79 -> 0 | J70: =MIP!AD$79 -> 0 | L70: =MIP!AE$79 -> 0 | M70: =MIP!AF$79 -> 0 | N70: =MIP!AG$79 -> 0 | O70: =MIP!AH$79 -> 0 | P70: =MIP!AI$79 -> 1
A71: Ave. | B71: =MIP!Y$151 -> 28.5 | D71: =MIP!Z$151 -> 27.5 | F71: =MIP!AA$151 -> 27.5 | G71: =MIP!AB$151 -> 16.5 | H71: =MIP!AC$151 -> 22 | J71: =MIP!AD$151 -> 33.5 | L71: =MIP!AE$151 -> 41 | M71: =MIP!AF$151 -> 0 | N71: =MIP!AG$151 -> 196.5 | O71: =MIP!AH$151 -> 28.071429 | P71: =MIP!AI$151 -> 43
A73: =GI!$E$23 & ":" -> Homeroom Teacher's Name: | F73: =GI!$E$25 -> Biniam Desta | J73: =GI!$D$23 & ":" -> Academic Director's Name: | N73: =GI!$D$25 -> Mr. Brhane Yohanes
D74: =GI!$B$65 & ":" -> Signature: | K74: =GI!$B$65 & ":" -> Signature:
C76: =CONCATENATE(GI!$D$1, " ", GI!$D$35) -> SHEBA ACADEMY 3rd Cycle
C77: =GI!$A$37 -> Temporary Grade Report
A78: Student's Name: | E78: =GI!$H$7 -> Biruk Mulat Kiros | M78: =GI!$A$34 -> Academic Year | O78: =GI!C127 -> 0
A79: Grade/Section: | E79: =GI!$A$3 -> 11 | F79: =GI!$C$3 -> D | I79: No. | J79: 6 | M79: =GI!$C$34 -> 2025/26 G.C
A81: Score | B81: Subjects | N81: Total | O81: Average | P81: Rank
B82: =MIP!$Y$7 -> ENG | D82: =MIP!$Z$7 -> MAT | F82: =MIP!$AA$7 -> HIS | G82: =MIP!$AB$7 -> GEO | H82: =MIP!$AC$7 -> ECO | J82: =MIP!$AD$7 -> ICT | L82: =MIP!$AE$7 -> ACC | M82: =MIP!$AF$7 -> - | N82: #REF!
A84: 1st S | B84: =MIP!Y$13 -> 63 | D84: =MIP!Z$13 -> 65 | F84: =MIP!AA$13 -> 77 | G84: =MIP!AB$13 -> 82 | H84: =MIP!AC$13 -> 71 | J84: =MIP!AD$13 -> 93 | L84: =MIP!AE$13 -> 85 | M84: =MIP!AF$13 -> 0 | N84: =MIP!AG$13 -> 536 | O84: =MIP!AH$13 -> 76.571429 | P84: =MIP!AI$13 -> 11
A85: 2nd S | B85: =MIP!Y$80 -> 0 | D85: =MIP!Z$80 -> 0 | F85: =MIP!AA$80 -> 0 | G85: =MIP!AB$80 -> 0 | H85: =MIP!AC$80 -> 0 | J85: =MIP!AD$80 -> 0 | L85: =MIP!AE$80 -> 0 | M85: =MIP!AF$80 -> 0 | N85: =MIP!AG$80 -> 0 | O85: =MIP!AH$80 -> 0 | P85: =MIP!AI$80 -> 1
A86: Ave. | B86: =MIP!Y$152 -> 31.5 | D86: =MIP!Z$152 -> 32.5 | F86: =MIP!AA$152 -> 38.5 | G86: =MIP!AB$152 -> 41 | H86: =MIP!AC$152 -> 35.5 | J86: =MIP!AD$152 -> 46.5 | L86: =MIP!AE$152 -> 42.5 | M86: =MIP!AF$152 -> 0 | N86: =MIP!AG$152 -> 268 | O86: =MIP!AH$152 -> 38.285714 | P86: =MIP!AI$152 -> 11
A88: =GI!$E$23 & ":" -> Homeroom Teacher's Name: | F88: =GI!$E$25 -> Biniam Desta | J88: =GI!$D$23 & ":" -> Academic Director's Name: | N88: =GI!$D$25 -> Mr. Brhane Yohanes
D89: =GI!$B$65 & ":" -> Signature: | K89: =GI!$B$65 & ":" -> Signature:
C91: =CONCATENATE(GI!$D$1, " ", GI!$D$35) -> SHEBA ACADEMY 3rd Cycle
C92: =GI!$A$37 -> Temporary Grade Report
A93: Student's Name: | E93: =GI!$H$8 -> Bruk Gebreabyezgi Gebreselassie | M93: =GI!$A$34 -> Academic Year | O93: =GI!C142 -> 0
A94: Grade/Section: | E94: =GI!$A$3 -> 11 | F94: =GI!$C$3 -> D | I94: No. | J94: 7 | M94: =GI!$C$34 -> 2025/26 G.C
A96: Score | B96: Subjects | N96: Total | O96: Average | P96: Rank
B97: =MIP!$Y$7 -> ENG | D97: =MIP!$Z$7 -> MAT | F97: =MIP!$AA$7 -> HIS | G97: =MIP!$AB$7 -> GEO | H97: =MIP!$AC$7 -> ECO | J97: =MIP!$AD$7 -> ICT | L97: =MIP!$AE$7 -> ACC | M97: =MIP!$AF$7 -> - | N97: #REF!
A99: 1st S | B99: =MIP!Y$14 -> 53 | D99: =MIP!Z$14 -> 48 | F99: =MIP!AA$14 -> 59 | G99: =MIP!AB$14 -> 59 | H99: =MIP!AC$14 -> 56 | J99: =MIP!AD$14 -> 60 | L99: =MIP!AE$14 -> 60 | M99: =MIP!AF$14 -> 0 | N99: =MIP!AG$14 -> 395 | O99: =MIP!AH$14 -> 56.428571 | P99: =MIP!AI$14 -> 42
A100: 2nd S | B100: =MIP!Y$81 -> 0 | D100: =MIP!Z$81 -> 0 | F100: =MIP!AA$81 -> 0 | G100: =MIP!AB$81 -> 0 | H100: =MIP!AC$81 -> 0 | J100: =MIP!AD$81 -> 0 | L100: =MIP!AE$81 -> 0 | M100: =MIP!AF$81 -> 0 | N100: =MIP!AG$81 -> 0 | O100: =MIP!AH$81 -> 0 | P100: =MIP!AI$81 -> 1
A101: Ave. | B101: =MIP!Y$153 -> 26.5 | D101: =MIP!Z$153 -> 24 | F101: =MIP!AA$153 -> 29.5 | G101: =MIP!AB$153 -> 29.5 | H101: =MIP!AC$153 -> 28 | J101: =MIP!AD$153 -> 30 | L101: =MIP!AE$153 -> 30 | M101: =MIP!AF$153 -> 0 | N101: =MIP!AG$153 -> 197.5 | O101: =MIP!AH$153 -> 28.214286 | P101: =MIP!AI$153 -> 42
A103: =GI!$E$23 & ":" -> Homeroom Teacher's Name: | F103: =GI!$E$25 -> Biniam Desta | J103: =GI!$D$23 & ":" -> Academic Director's Name: | N103: =GI!$D$25 -> Mr. Brhane Yohanes
D104: =GI!$B$65 & ":" -> Signature: | K104: =GI!$B$65 & ":" -> Signature:
C106: =CONCATENATE(GI!$D$1, " ", GI!$D$35) -> SHEBA ACADEMY 3rd Cycle
C107: =GI!$A$37 -> Temporary Grade Report
A108: Student's Name: | E108: =GI!$H$9 -> Dagim Hagos Mehari | M108: =GI!$A$34 -> Academic Year | O108: =GI!C157 -> 0
A109: Grade/Section: | E109: =GI!$A$3 -> 11 | F109: =GI!$C$3 -> D | I109: No. | J109: 8 | M109: =GI!$C$34 -> 2025/26 G.C
A111: Score | B111: Subjects | N111: Total | O111: Average | P111: Rank
B112: =MIP!$Y$7 -> ENG | D112: =MIP!$Z$7 -> MAT | F112: =MIP!$AA$7 -> HIS | G112: =MIP!$AB$7 -> GEO | H112: =MIP!$AC$7 -> ECO | J112: =MIP!$AD$7 -> ICT | L112: =MIP!$AE$7 -> ACC | M112: =MIP!$AF$7 -> - | N112: #REF!
A114: 1st S | B114: =MIP!Y$15 -> 66 | D114: =MIP!Z$15 -> 58 | F114: =MIP!AA$15 -> 73 | G114: =MIP!AB$15 -> 73 | H114: =MIP!AC$15 -> 61 | J114: =MIP!AD$15 -> 80 | L114: =MIP!AE$15 -> 75 | M114: =MIP!AF$15 -> 0 | N114: =MIP!AG$15 -> 486 | O114: =MIP!AH$15 -> 69.428571 | P114: =MIP!AI$15 -> 25
A115: 2nd S | B115: =MIP!Y$82 -> 0 | D115: =MIP!Z$82 -> 0 | F115: =MIP!AA$82 -> 0 | G115: =MIP!AB$82 -> 0 | H115: =MIP!AC$82 -> 0 | J115: =MIP!AD$82 -> 0 | L115: =MIP!AE$82 -> 0 | M115: =MIP!AF$82 -> 0 | N115: =MIP!AG$82 -> 0 | O115: =MIP!AH$82 -> 0 | P115: =MIP!AI$82 -> 1
A116: Ave. | B116: =MIP!Y$154 -> 33 | D116: =MIP!Z$154 -> 29 | F116: =MIP!AA$154 -> 36.5 | G116: =MIP!AB$154 -> 36.5 | H116: =MIP!AC$154 -> 30.5 | J116: =MIP!AD$154 -> 40 | L116: =MIP!AE$154 -> 37.5 | M116: =MIP!AF$154 -> 0 | N116: =MIP!AG$154 -> 243 | O116: =MIP!AH$154 -> 34.714286 | P116: =MIP!AI$154 -> 25
A118: =GI!$E$23 & ":" -> Homeroom Teacher's Name: | F118: =GI!$E$25 -> Biniam Desta | J118: =GI!$D$23 & ":" -> Academic Director's Name: | N118: =GI!$D$25 -> Mr. Brhane Yohanes
D119: =GI!$B$65 & ":" -> Signature: | K119: =GI!$B$65 & ":" -> Signature:
C121: =CONCATENATE(GI!$D$1, " ", GI!$D$35) -> SHEBA ACADEMY 3rd Cycle
C122: =GI!$A$37 -> Temporary Grade Report
A123: Student's Name: | E123: =GI!$H$10 -> Danait Alem Haile | M123: =GI!$A$34 -> Academic Year | O123: =GI!C172 -> 0
A124: Grade/Section: | E124: =GI!$A$3 -> 11 | F124: =GI!$C$3 -> D | I124: No. | J124: 9 | M124: =GI!$C$34 -> 2025/26 G.C
A126: Score | B126: Subjects | N126: Total | O126: Average | P126: Rank
B127: =MIP!$Y$7 -> ENG | D127: =MIP!$Z$7 -> MAT | F127: =MIP!$AA$7 -> HIS | G127: =MIP!$AB$7 -> GEO | H127: =MIP!$AC$7 -> ECO | J127: =MIP!$AD$7 -> ICT | L127: =MIP!$AE$7 -> ACC | M127: =MIP!$AF$7 -> - | N127: #REF!
A129: 1st S | B129: =MIP!Y$16 -> 56 | D129: =MIP!Z$16 -> 60 | F129: =MIP!AA$16 -> 56 | G129: =MIP!AB$16 -> 58 | H129: =MIP!AC$16 -> 39 | J129: =MIP!AD$16 -> 78 | L129: =MIP!AE$16 -> 70 | M129: =MIP!AF$16 -> 0 | N129: =MIP!AG$16 -> 417 | O129: =MIP!AH$16 -> 59.571429 | P129: =MIP!AI$16 -> 41
A130: 2nd S | B130: =MIP!Y$83 -> 0 | D130: =MIP!Z$83 -> 0 | F130: =MIP!AA$83 -> 0 | G130: =MIP!AB$83 -> 0 | H130: =MIP!AC$83 -> 0 | J130: =MIP!AD$83 -> 0 | L130: =MIP!AE$83 -> 0 | M130: =MIP!AF$83 -> 0 | N130: =MIP!AG$83 -> 0 | O130: =MIP!AH$83 -> 0 | P130: =MIP!AI$83 -> 1
A131: Ave. | B131: =MIP!Y$155 -> 28 | D131: =MIP!Z$155 -> 30 | F131: =MIP!AA$155 -> 28 | G131: =MIP!AB$155 -> 29 | H131: =MIP!AC$155 -> 19.5 | J131: =MIP!AD$155 -> 39 | L131: =MIP!AE$155 -> 35 | M131: =MIP!AF$155 -> 0 | N131: =MIP!AG$155 -> 208.5 | O131: =MIP!AH$155 -> 29.785714 | P131: =MIP!AI$155 -> 41
A133: =GI!$E$23 & ":" -> Homeroom Teacher's Name: | F133: =GI!$E$25 -> Biniam Desta | J133: =GI!$D$23 & ":" -> Academic Director's Name: | N133: =GI!$D$25 -> Mr. Brhane Yohanes
D134: =GI!$B$65 & ":" -> Signature: | K134: =GI!$B$65 & ":" -> Signature:
C136: =CONCATENATE(GI!$D$1, " ", GI!$D$35) -> SHEBA ACADEMY 3rd Cycle
...

Sheet Front
A2: Grade | C2: =GI!$A$3 -> 11 | D2: =GI!C3 -> D | F2: =GI!$C$3 -> D | G2: 1 | J2: Student's Name: | M2: =GI!$H$2 -> Amanuel Hagos Tesfay | V2: Evaluation Key Formulas
A4: Subject | F4: Second Semester | J4: =GI!$A$48 -> 2025/26 G.C Academic Year Basic Skills and Behavior Progress Report
C5: First Semester Out Of (100%) | D5: Second Semester Out Of (100%) | E5: Yearly Average | F5: Third Quarter Out Of (100%) | V5: Percentage | X5: Grade | Z5: Performance
J7: Reading | V7: ≥90 | X7: A+ | Z7: Very Great Distinction
J8: Writing | V8: ≥85 | X8: A | Z8: Great Distinction
J9: Spelling | V9: ≥80 | X9: B+ | Z9: Distinction
J10: Comprehension | V10: ≥75 | X10: B | Z10: Good
J11: Numeracy Skill | V11: ≥70 | X11: C | Z11: Average
J12: Punctuality | V12: ≥60 | X12: D | Z12: Fair
A13: =GI!$B$7 -> English | C13: =MIP!$Y$8 -> 76 | D13: =MIP!$Y$75 -> 0 | E13: =MIP!$Y$147 -> 38 | F13: =MIP!#REF! -> #REF! | J13: Uniform | V13: <60 | X13: F | Z13: Failing
A14: =GI!$B$8 -> - | F14: =MIP!#REF! -> #REF! | J14: Material Handling
A15: =GI!$B$9 -> Mathematics | C15: =MIP!$Z$8 -> 57 | D15: =MIP!$Z$75 -> 0 | E15: =MIP!$Z$147 -> 28.5 | F15: =MIP!#REF! -> #REF! | J15: Following Direction | U15: If Best is Possible, Better is Not Enough!
A16: =GI!$B$10 -> - | F16: =MIP!#REF! -> #REF! | J16: Assignment Completion
A17: =GI!$B$11 -> History | C17: =MIP!$AA$8 -> 91 | D17: =MIP!$AA$75 -> 0 | E17: =MIP!$AA$147 -> 45.5 | F17: =MIP!#REF! -> #REF! | J17: English Use
A18: =GI!$B$12 -> Geography | C18: =MIP!$AB$8 -> 85 | D18: =MIP!$AB$75 -> 0 | E18: =MIP!$AB$147 -> 42.5 | F18: =MIP!#REF! -> #REF! | J18: Cocurricular Activities
A19: =GI!$B$13 -> Economics | C19: =MIP!$AC$8 -> 71 | D19: =MIP!$AC$75 -> 0 | E19: =MIP!$AC$147 -> 35.5 | F19: =MIP!#REF! -> #REF! | J19: Work Ethics
A20: =GI!$B$14 -> - | F20: =MIP!#REF! -> #REF! | J20: Communication Skill
A21: =GI!$B$15 -> ICT | C21: =MIP!$AD$8 -> 82 | D21: =MIP!$AD$75 -> 0 | E21: =MIP!$AD$147 -> 41 | F21: =MIP!#REF! -> #REF! | J21: Overall Progress
A22: =GI!$B$16 -> - | F22: =MIP!#REF! -> #REF! | J22: Evaluation Key
A23: =GI!$B$17 -> Accounting and finance | C23: =MIP!$AE$8 -> 83 | D23: =MIP!$AE$75 -> 0 | E23: =MIP!$AE$147 -> 41.5 | F23: =MIP!#REF! -> #REF!
A24: =GI!$B$18 -> - | C24: =MIP!$AF$8 -> 0 | D24: =MIP!$AF$75 -> 0 | E24: =MIP!$AF$147 -> 0 | F24: =MIP!#REF! -> #REF!
A25: Total | C25: =MIP!$AG$8 -> 545 | D25: =MIP!$AG$75 -> 0 | E25: =MIP!$AG$147 -> 272.5 | F25: =MIP!#REF! -> #REF! | J25: =$V$5 -> Percentage | L25: =$X$5 -> Grade | N25: =$Z$5 -> Performance
A26: Average | C26: =MIP!$AH$8 -> 77.857143 | D26: =MIP!$AH$75 -> 0 | E26: =MIP!$AH$147 -> 38.928571 | F26: =MIP!#REF! -> #REF!
A27: Rank | C27: =MIP!$AI$8 -> 9 | D27: =MIP!$AI$75 -> 1 | E27: =MIP!$AI$147 -> 9 | F27: =MIP!#REF! -> #REF! | J27: =$V$7 -> ≥90 | L27: =$X$7 -> A+ | N27: =$Z$7 -> Very Great Distinction
A28: No. Students | C28: =GI!$C$25 -> 43 | D28: =GI!$C$25 -> 43 | E28: =GI!$C$25 -> 43 | F28: =GI!$C$25 -> 43 | J28: =$V$8 -> ≥85 | L28: =$X$8 -> A | N28: =$Z$8 -> Great Distinction
A29: Conduct | J29: =$V$9 -> ≥80 | L29: =$X$9 -> B+ | N29: =$Z$9 -> Distinction
A30: Absent Days | J30: =$V$10 -> ≥75 | L30: =$X$10 -> B | N30: =$Z$10 -> Good
J31: =$V$11 -> ≥70 | L31: =$X$11 -> C | N31: =$Z$11 -> Average
B32: =MIP!AJ147 -> DETAINED IN GRADE 11 | J32: =$V$12 -> ≥60 | L32: =$X$12 -> D | N32: =$Z$12 -> Fair
J33: =$V$13 -> <60 | L33: =$X$13 -> F | N33: =$Z$13 -> Failing
J34: =GI!$D$23 -> Academic Director's Name
J35: =GI!$D$31 -> Mr. Brhane Yohanes
A36: =$U$15 -> If Best is Possible, Better is Not Enough!
A41: Grade | C41: =GI!$A$3 -> 11 | D41: =D2 -> D | F41: =GI!$C$3 -> D | G41: 2 | J41: Student's Name: | M41: =GI!$H$3 -> Beamlak Sultan Weldegebriel
A43: Subject | F43: Second Semester | J43: =GI!$A$48 -> 2025/26 G.C Academic Year Basic Skills and Behavior Progress Report
C44: First Semester Out Of (100%) | D44: Second Semester Out Of (100%) | E44: First Semester Average | F44: Third Quarter Out Of (100%)
J46: Reading
J47: Writing
J48: Spelling
J49: Comprehension
J50: Numeracy Skill
J51: Punctuality
A52: =GI!$B$7 -> English | C52: =MIP!$Y$9 -> 67 | D52: =MIP!$Y$76 -> 0 | E52: =MIP!$Y$148 -> 33.5 | F52: =MIP!#REF! -> #REF! | J52: Uniform
A53: =GI!$B$8 -> - | F53: =MIP!#REF! -> #REF! | J53: Material Handling
A54: =GI!$B$9 -> Mathematics | C54: =MIP!$Z$9 -> 53 | D54: =MIP!$Z$76 -> 0 | E54: =MIP!$Z$148 -> 26.5 | F54: =MIP!#REF! -> #REF! | J54: Following Direction
A55: =GI!$B$10 -> - | F55: =MIP!#REF! -> #REF! | J55: Assignment Completion
A56: =GI!$B$11 -> History | C56: =MIP!$AA$9 -> 67 | D56: =MIP!$AA$76 -> 0 | E56: =MIP!$AA$148 -> 33.5 | F56: =MIP!#REF! -> #REF! | J56: English Use
A57: =GI!$B$12 -> Geography | C57: =MIP!$AB$9 -> 71 | D57: =MIP!$AB$76 -> 0 | E57: =MIP!$AB$148 -> 35.5 | F57: =MIP!#REF! -> #REF! | J57: Cocurricular Activities
A58: =GI!$B$13 -> Economics | C58: =MIP!$AC$9 -> 68 | D58: =MIP!$AC$76 -> 0 | E58: =MIP!$AC$148 -> 34 | F58: =MIP!#REF! -> #REF! | J58: Work Ethics
A59: =GI!$B$14 -> - | F59: =MIP!#REF! -> #REF! | J59: Communication Skill
A60: =GI!$B$15 -> ICT | C60: =MIP!$AD$9 -> 85 | D60: =MIP!$AD$76 -> 0 | E60: =MIP!$AD$148 -> 42.5 | F60: =MIP!#REF! -> #REF! | J60: Overall Progress
A61: =GI!$B$16 -> - | F61: =MIP!#REF! -> #REF! | J61: Evaluation Key
A62: =GI!$B$17 -> Accounting and finance | C62: =MIP!$AE$9 -> 78 | D62: =MIP!$AE$76 -> 0 | E62: =MIP!$AE$148 -> 39 | F62: =MIP!#REF! -> #REF!
A63: =GI!$B$18 -> - | C63: =MIP!$AF$9 -> 0 | D63: =MIP!$AF$76 -> 0 | E63: =MIP!$AF$148 -> 0 | F63: =MIP!#REF! -> #REF!
A64: Total | C64: =MIP!$AG$9 -> 489 | D64: =MIP!$AG$76 -> 0 | E64: =MIP!$AG$148 -> 244.5 | F64: =MIP!#REF! -> #REF! | J64: =$V$5 -> Percentage | L64: =$X$5 -> Grade | N64: =$Z$5 -> Performance
A65: Average | C65: =MIP!$AH$9 -> 69.857143 | D65: =MIP!$AH$76 -> 0 | E65: =MIP!$AH$148 -> 34.928571 | F65: =MIP!#REF! -> #REF!
A66: Rank | C66: =MIP!$AI$9 -> 24 | D66: =MIP!$AI$76 -> 1 | E66: =MIP!$AI$148 -> 24 | F66: =MIP!#REF! -> #REF! | J66: =$V$7 -> ≥90 | L66: =$X$7 -> A+ | N66: =$Z$7 -> Very Great Distinction
A67: No. Students | C67: =GI!$C$25 -> 43 | D67: =GI!$C$25 -> 43 | E67: =GI!$C$25 -> 43 | F67: =GI!$C$25 -> 43 | J67: =$V$8 -> ≥85 | L67: =$X$8 -> A | N67: =$Z$8 -> Great Distinction
A68: Conduct | J68: =$V$9 -> ≥80 | L68: =$X$9 -> B+ | N68: =$Z$9 -> Distinction
A69: Absent Days | J69: =$V$10 -> ≥75 | L69: =$X$10 -> B | N69: =$Z$10 -> Good
J70: =$V$11 -> ≥70 | L70: =$X$11 -> C | N70: =$Z$11 -> Average
B71: =MIP!AJ148 -> DETAINED IN GRADE 11 | J71: =$V$12 -> ≥60 | L71: =$X$12 -> D | N71: =$Z$12 -> Fair
J72: =$V$13 -> <60 | L72: =$X$13 -> F | N72: =$Z$13 -> Failing
J73: =GI!$D$23 -> Academic Director's Name
J74: =GI!$D$31 -> Mr. Brhane Yohanes
A75: =$U$15 -> If Best is Possible, Better is Not Enough!
A80: Grade | C80: =GI!$A$3 -> 11 | D80: =D2 -> D | F80: =GI!$C$3 -> D | G80: 3 | J80: Student's Name: | M80: =GI!$H$4 -> Betelihim Kalayu Mamo
A82: Subject | E82: First Semester Average | F82: Second Semester | J82: =GI!$A$48 -> 2025/26 G.C Academic Year Basic Skills and Behavior Progress Report
C83: First Semester Out Of (100%) | D83: Second Semester Out Of (100%) | F83: Third Quarter Out Of (100%)
J85: Reading
J86: Writing
J87: Spelling
J88: Comprehension
J89: Numeracy Skill
J90: Punctuality
A91: =GI!$B$7 -> English | C91: =MIP!$Y$10 -> 59 | D91: =MIP!$Y$77 -> 0 | E91: =MIP!$Y$149 -> 29.5 | F91: =MIP!#REF! -> #REF! | J91: Uniform
A92: =GI!$B$8 -> - | F92: =MIP!#REF! -> #REF! | J92: Material Handling
A93: =GI!$B$9 -> Mathematics | C93: =MIP!$Z$10 -> 65 | D93: =MIP!$Z$77 -> 0 | E93: =MIP!$Z$149 -> 32.5 | F93: =MIP!#REF! -> #REF! | J93: Following Direction
A94: =GI!$B$10 -> - | F94: =MIP!#REF! -> #REF! | J94: Assignment Completion
A95: =GI!$B$11 -> History | C95: =MIP!$AA$10 -> 68 | D95: =MIP!$AA$77 -> 0 | E95: =MIP!$AA$149 -> 34 | F95: =MIP!#REF! -> #REF! | J95: English Use
A96: =GI!$B$12 -> Geography | C96: =MIP!$AB$10 -> 79 | D96: =MIP!$AB$77 -> 0 | E96: =MIP!$AB$149 -> 39.5 | F96: =MIP!#REF! -> #REF! | J96: Cocurricular Activities
A97: =GI!$B$13 -> Economics | C97: =MIP!$AC$10 -> 62 | D97: =MIP!$AC$77 -> 0 | E97: =MIP!$AC$149 -> 31 | F97: =MIP!#REF! -> #REF! | J97: Work Ethics
A98: =GI!$B$14 -> - | F98: =MIP!#REF! -> #REF! | J98: Communication Skill
A99: =GI!$B$15 -> ICT | C99: =MIP!$AD$10 -> 93 | D99: =MIP!$AD$77 -> 0 | E99: =MIP!$AD$149 -> 46.5 | F99: =MIP!#REF! -> #REF! | J99: Overall Progress
A100: =GI!$B$16 -> - | F100: =MIP!#REF! -> #REF! | J100: Evaluation Key
A101: =GI!$B$17 -> Accounting and finance | C101: =MIP!$AE$10 -> 76 | D101: =MIP!$AE$77 -> 0 | E101: =MIP!$AE$149 -> 38 | F101: =MIP!#REF! -> #REF!
A102: =GI!$B$18 -> - | C102: =MIP!$AF$10 -> 0 | D102: =MIP!$AF$77 -> 0 | E102: =MIP!$AF$149 -> 0 | F102: =MIP!#REF! -> #REF!
A103: Total | C103: =MIP!$AG$10 -> 502 | D103: =MIP!$AG$77 -> 0 | E103: =MIP!$AG$149 -> 251 | F103: =MIP!#REF! -> #REF! | J103: =$V$5 -> Percentage | L103: =$X$5 -> Grade | N103: =$Z$5 -> Performance
A104: Average | C104: =MIP!$AH$10 -> 71.714286 | D104: =MIP!$AH$77 -> 0 | E104: =MIP!$AH$149 -> 35.857143 | F104: =MIP!#REF! -> #REF!
A105: Rank | C105: =MIP!$AI$10 -> 20 | D105: =MIP!$AI$77 -> 1 | E105: =MIP!$AI$149 -> 20 | F105: =MIP!#REF! -> #REF! | J105: =$V$7 -> ≥90 | L105: =$X$7 -> A+ | N105: =$Z$7 -> Very Great Distinction
A106: No. Students | C106: =GI!$C$25 -> 43 | D106: =GI!$C$25 -> 43 | E106: =GI!$C$25 -> 43 | F106: =GI!$C$25 -> 43 | J106: =$V$8 -> ≥85 | L106: =$X$8 -> A | N106: =$Z$8 -> Great Distinction
A107: Conduct | J107: =$V$9 -> ≥80 | L107: =$X$9 -> B+ | N107: =$Z$9 -> Distinction
A108: Absent Days | J108: =$V$10 -> ≥75 | L108: =$X$10 -> B | N108: =$Z$10 -> Good
J109: =$V$11 -> ≥70 | L109: =$X$11 -> C | N109: =$Z$11 -> Average
B110: =MIP!AJ149 -> DETAINED IN GRADE 11 | J110: =$V$12 -> ≥60 | L110: =$X$12 -> D | N110: =$Z$12 -> Fair
J111: =$V$13 -> <60 | L111: =$X$13 -> F | N111: =$Z$13 -> Failing
J112: =GI!$D$23 -> Academic Director's Name
J113: =GI!$D$31 -> Mr. Brhane Yohanes
A114: =$U$15 -> If Best is Possible, Better is Not Enough!
A119: Grade | C119: =GI!$A$3 -> 11 | D119: =D2 -> D | F119: =GI!$C$3 -> D | G119: 4 | J119: Student's Name: | M119: =GI!$H$5 -> Bethelhem Teklay Weldegerima
...

Sheet Cover
B2: Homeroom Teacher's Comments
B5: _____________ is an asset to the class. Congratulations! | AE5: =GI!$A$49 -> መግለፂ ውፅኢት ተምሃራይ
B6: _____________ needs extra help. Please help the student to read at home.
B7: _____________ is often disruptive in class. Guidance from home is needed. | AE7: =GI!$A$50 -> ኣካዳሚ ሸባ ሓፈሻዊ ካልኣይ ብርኪ ቤት ት/ቲ
B8: _____________ always tries to do his/her best.
B9: _____________ setting a solid program for studying is recommended for
B10: ______________ has the ability to do better through more effort. Please give extra help at home. | AE10: =GI!$A$52 -> Sheba Academy Comprehensive Secondary School Student's Grade Report Card
B12: A parent-school communication is required. Please come to our school to discuss about _________________________
B14: ______________ actively participates in class. | AE14: =GI!$A$51 -> መቐለ, ኢትዮጵያ/Mekelle, Ethiopia
B15: ______________'s class behavior is excellent.
B16: ______________ has shown improvement this quarter. Please help her/him to keep up the good work.
AE17: =GI!$A$47 -> ዘበነ ት/ቲ፡ 2018 ዓ/ም Academic Year: 2025/26 G.C
B18: ______________ more effort is required to improve
AG20: FINAL REPORT
L23: √ | N23: applies to the student
L25: X | N25: doesn't apply to the student | AG25: ሽም ተምሃራይ | AO25: =GI!$H$2 -> Amanuel Hagos Tesfay
AH27: Student's Name:
B29: Other Comments (if any)
AH30: ዕድመ | AO30: =GI!$J$2 -> 0 | AW30: ፆታ | BB30: =GI!$I$2 -> M
AH32: Age | AW32: Sex
B33: Home Room Teacher:
AH35: ክፍሊ | AO35: =GI!$A$3 -> 11 | AT35: =GI!$C$3 -> D
AH37: Grade
B38: Parent's/Guardian's:
B43: Home room Teacher's Name: | O43: =GI!$E$31 -> Biniam Desta | AJ43: Tel : +251-342-40-24-28
B45: Signature: | AJ45: Website : www.shuaa.eduu.et
B47: Parent's/Guardian's Name: | AJ47: P.O.Box : 362
B49: Signature: | AJ49: E-mail: infoshu@shuaa.edu.et
B52: Homeroom Teacher's Comments
B55: _____________ is an asset to the class. Congratulations! | AE55: =GI!$A$49 -> መግለፂ ውፅኢት ተምሃራይ
B56: _____________ needs extra help. Please help the student to read at home.
B57: _____________ is often disruptive in class. Guidance from home is needed. | AE57: =GI!$A$50 -> ኣካዳሚ ሸባ ሓፈሻዊ ካልኣይ ብርኪ ቤት ት/ቲ
B58: _____________ always tries to do his/her best.
B59: _____________ setting a solid program for studying is recommended for
B60: ______________ has the ability to do better through more effort. Please give extra help at home. | AE60: =GI!$A$52 -> Sheba Academy Comprehensive Secondary School Student's Grade Report Card
B62: A parent-school communication is required. Please come to our school to discuss about _________________________
B64: ______________ actively participates in class. | AE64: =GI!$A$51 -> መቐለ, ኢትዮጵያ/Mekelle, Ethiopia
B65: ______________'s class behavior is excellent.
B66: ______________ has shown improvement this quarter. Please help her/him to keep up the good work.
AE67: =GI!$A$47 -> ዘበነ ት/ቲ፡ 2018 ዓ/ም Academic Year: 2025/26 G.C
B68: ______________ more effort is required to improve
AG70: FINAL REPORT
L73: √ | N73: applies to the student
L75: X | N75: doesn't apply to the student | AG75: ሽም ተምሃራይ | AO75: =GI!$H$3 -> Beamlak Sultan Weldegebriel
AH77: Student's Name:
B79: Other Comments (if any)
AH80: ዕድመ | AO80: =GI!$J$3 -> 0 | AW80: ፆታ | BB80: =GI!$I$3 -> M
AH82: Age | AW82: Sex
B83: Home Room Teacher:
AH85: ክፍሊ | AO85: =GI!$A$3 -> 11 | AT85: =GI!$C$3 -> D
AH87: Grade
B88: Parent's/Guardian's:
B93: Home room Teacher's Name: | O93: =GI!$E$31 -> Biniam Desta | AJ93: Tel : +251-342-40-24-28
B95: Signature: | AJ95: Website : www.shuaa.eduu.et
B97: Parent's/Guardian's Name: | AJ97: P.O.Box : 362
B99: Signature: | AJ99: E-mail: infoshu@shuaa.edu.et
B102: Homeroom Teacher's Comments
B105: _____________ is an asset to the class. Congratulations! | AE105: =GI!$A$49 -> መግለፂ ውፅኢት ተምሃራይ
B106: _____________ needs extra help. Please help the student to read at home.
B107: _____________ is often disruptive in class. Guidance from home is needed. | AE107: =GI!$A$50 -> ኣካዳሚ ሸባ ሓፈሻዊ ካልኣይ ብርኪ ቤት ት/ቲ
B108: _____________ always tries to do his/her best.
B109: _____________ setting a solid program for studying is recommended for
B110: ______________ has the ability to do better through more effort. Please give extra help at home. | AE110: =GI!$A$52 -> Sheba Academy Comprehensive Secondary School Student's Grade Report Card
B112: A parent-school communication is required. Please come to our school to discuss about _________________________
B114: ______________ actively participates in class. | AE114: =GI!$A$51 -> መቐለ, ኢትዮጵያ/Mekelle, Ethiopia
B115: ______________'s class behavior is excellent.
B116: ______________ has shown improvement this quarter. Please help her/him to keep up the good work.
AE117: =GI!$A$47 -> ዘበነ ት/ቲ፡ 2018 ዓ/ም Academic Year: 2025/26 G.C
B118: ______________ more effort is required to improve
AG120: FINAL REPORT
L123: √ | N123: applies to the student
L125: X | N125: doesn't apply to the student | AG125: ሽም ተምሃራይ | AO125: =GI!$H$4 -> Betelihim Kalayu Mamo
AH127: Student's Name:
B129: Other Comments (if any)
AH130: ዕድመ | AO130: =GI!$J$4 -> 0 | AW130: ፆታ | BB130: =GI!$I$4 -> F
AH132: Age | AW132: Sex
B133: Home Room Teacher:
AH135: ክፍሊ | AO135: =GI!$A$3 -> 11 | AT135: =GI!$C$3 -> D
AH137: Grade
B138: Parent's/Guardian's:
B143: Home room Teacher's Name: | O143: =GI!$E$31 -> Biniam Desta | AJ143: Tel : +251-342-40-24-28
B145: Signature: | AJ145: Website : www.shuaa.eduu.et
B147: Parent's/Guardian's Name: | AJ147: P.O.Box : 362
B149: Signature: | AJ149: E-mail: infoshu@shuaa.edu.et
B152: Homeroom Teacher's Comments
B155: _____________ is an asset to the class. Congratulations! | AE155: =GI!$A$49 -> መግለፂ ውፅኢት ተምሃራይ
B156: _____________ needs extra help. Please help the student to read at home.
B157: _____________ is often disruptive in class. Guidance from home is needed. | AE157: =GI!$A$50 -> ኣካዳሚ ሸባ ሓፈሻዊ ካልኣይ ብርኪ ቤት ት/ቲ
B158: _____________ always tries to do his/her best.
B159: _____________ setting a solid program for studying is recommended for
B160: ______________ has the ability to do better through more effort. Please give extra help at home. | AE160: =GI!$A$52 -> Sheba Academy Comprehensive Secondary School Student's Grade Report Card
B162: A parent-school communication is required. Please come to our school to discuss about _________________________
B164: ______________ actively participates in class. | AE164: =GI!$A$51 -> መቐለ, ኢትዮጵያ/Mekelle, Ethiopia
B165: ______________'s class behavior is excellent.
B166: ______________ has shown improvement this quarter. Please help her/him to keep up the good work.
AE167: =GI!$A$47 -> ዘበነ ት/ቲ፡ 2018 ዓ/ም Academic Year: 2025/26 G.C
B168: ______________ more effort is required to improve
AG170: FINAL REPORT
L173: √ | N173: applies to the student
L175: X | N175: doesn't apply to the student | AG175: ሽም ተምሃራይ | AO175: =GI!$H$5 -> Bethelhem Teklay Weldegerima
...

Sheet iCheck
A1: =UPPER(GI!$B$7) -> ENGLISH | C1: =GI!$A$3 & GI!$C$3 -> 11D | E1: =UPPER(GI!$B$8) -> - | G1: =GI!$A$3 & GI!$C$3 -> 11D | H1: =UPPER(GI!$B$9) -> MATHEMATICS | J1: =GI!$A$3 & GI!$C$3 -> 11D | L1: =UPPER(GI!$B$10) -> - | N1: =GI!$A$3 & GI!$C$3 -> 11D | O1: =UPPER(GI!$B$11) -> HISTORY | Q1: =GI!$A$3 & GI!$C$3 -> 11D | S1: =UPPER(GI!$B$12) -> GEOGRAPHY | U1: =GI!$A$3 & GI!$C$3 -> 11D | V1: =UPPER(GI!$B$13) -> ECONOMICS | X1: =GI!$A$3 & GI!$C$3 -> 11D | Z1: =UPPER(GI!$B$14) -> - | AB1: =GI!$A$3 & GI!$C$3 -> 11D | AC1: =UPPER(GI!$B$15) -> ICT | AE1: =GI!$A$3 & GI!$C$3 -> 11D | AG1: =UPPER(GI!$B$16) -> - | AI1: =GI!$A$3 & GI!$C$3 -> 11D | AJ1: =UPPER(GI!$B$17) -> ACCOUNTING AND FINANCE | AL1: =GI!$A$3 & GI!$C$3 -> 11D | AN1: =UPPER(GI!$B$18) -> - | AP1: =GI!$A$3 & GI!$C$3 -> 11D | AS1: =GI!$A$3 & GI!$C$3 -> 11D | AW1: =GI!$A$3 & GI!$C$3 -> 11D
A3: # | B3: STUDENTS NAME | C3: 1 | E3: # | F3: =$B$3 -> STUDENTS NAME | G3: 1 | H3: # | I3: =$B$3 -> STUDENTS NAME | J3: 1 | L3: # | M3: =$B$3 -> STUDENTS NAME | N3: 1 | O3: # | P3: =$B$3 -> STUDENTS NAME | Q3: 1 | S3: # | T3: =$B$3 -> STUDENTS NAME | U3: 1 | V3: # | W3: =$B$3 -> STUDENTS NAME | X3: 1 | Z3: # | AA3: =$B$3 -> STUDENTS NAME | AB3: 1 | AC3: # | AD3: =$B$3 -> STUDENTS NAME | AE3: 1 | AG3: # | AH3: =$B$3 -> STUDENTS NAME | AI3: 1 | AJ3: # | AK3: =$B$3 -> STUDENTS NAME | AL3: 1 | AN3: # | AO3: =$B$3 -> STUDENTS NAME | AP3: 1 | AQ3: # | AR3: =$B$3 -> STUDENTS NAME | AS3: 1 | AU3: # | AV3: =$B$3 -> STUDENTS NAME | AW3: 1
A5: 1 | B5: =IF(ISBLANK(GI!$H$2),"",GI!$H$2) -> Amanuel Hagos Tesfay | C5: =IF(ISBLANK(MIP!$E$10),"",MIP!$E$10) -> 76 | E5: 1 | F5: =IF(ISBLANK(GI!$H$2),"",GI!$H$2) -> Amanuel Hagos Tesfay | G5: =MIP!E77 -> 0 | H5: 1 | I5: =IF(ISBLANK(GI!$H$2),"",GI!$H$2) -> Amanuel Hagos Tesfay | J5: =IF(ISBLANK(MIP!$E$144),"",MIP!$E$144) -> 57 | L5: 1 | M5: =IF(ISBLANK(GI!$H$2),"",GI!$H$2) -> Amanuel Hagos Tesfay | N5: =MIP!E211 -> 0 | O5: 1 | P5: =IF(ISBLANK(GI!$H$2),"",GI!$H$2) -> Amanuel Hagos Tesfay | Q5: =IF(ISBLANK(MIP!$E$277),"",MIP!$E$277) -> 91 | S5: 1 | T5: =IF(ISBLANK(GI!$H$2),"",GI!$H$2) -> Amanuel Hagos Tesfay | U5: =MIP!E344 -> 85 | V5: 1 | W5: =IF(ISBLANK(GI!$H$2),"",GI!$H$2) -> Amanuel Hagos Tesfay | X5: =IF(ISBLANK(MIP!$E$411),"",MIP!$E$411) -> 71 | Z5: 1 | AA5: =IF(ISBLANK(GI!$H$2),"",GI!$H$2) -> Amanuel Hagos Tesfay | AB5: =MIP!E478 -> 0 | AC5: 1 | AD5: =IF(ISBLANK(GI!$H$2),"",GI!$H$2) -> Amanuel Hagos Tesfay | AE5: =IF(ISBLANK(MIP!$E$545),"",MIP!$E$545) -> 82 | AG5: 1 | AH5: =IF(ISBLANK(GI!$H$2),"",GI!$H$2) -> Amanuel Hagos Tesfay | AI5: =MIP!E612 -> 0 | AJ5: 1 | AK5: =IF(ISBLANK(GI!$H$2),"",GI!$H$2) -> Amanuel Hagos Tesfay | AL5: =IF(ISBLANK(MIP!$E$679),"",MIP!$E$679) -> 83 | AN5: 1 | AO5: =IF(ISBLANK(GI!$H$2),"",GI!$H$2) -> Amanuel Hagos Tesfay | AP5: =IF(ISBLANK(MIP!$E$746),"",MIP!$E$746) | AQ5: 1 | AR5: =IF(ISBLANK(GI!$H$2),"",GI!$H$2) -> Amanuel Hagos Tesfay | AU5: 1 | AV5: =IF(ISBLANK(GI!$H$2),"",GI!$H$2) -> Amanuel Hagos Tesfay
A6: 2 | B6: =IF(ISBLANK(GI!$H$3),"",GI!$H$3) -> Beamlak Sultan Weldegebriel | C6: =IF(ISBLANK(MIP!$E$11),"",MIP!$E$11) -> 67 | E6: 2 | F6: =IF(ISBLANK(GI!$H$3),"",GI!$H$3) -> Beamlak Sultan Weldegebriel | G6: =MIP!E78 -> 0 | H6: 2 | I6: =IF(ISBLANK(GI!$H$3),"",GI!$H$3) -> Beamlak Sultan Weldegebriel | J6: =IF(ISBLANK(MIP!$E$145),"",MIP!$E$145) -> 53 | L6: 2 | M6: =IF(ISBLANK(GI!$H$3),"",GI!$H$3) -> Beamlak Sultan Weldegebriel | N6: =MIP!E212 -> 0 | O6: 2 | P6: =IF(ISBLANK(GI!$H$3),"",GI!$H$3) -> Beamlak Sultan Weldegebriel | Q6: =IF(ISBLANK(MIP!$E$278),"",MIP!$E$278) -> 67 | S6: 2 | T6: =IF(ISBLANK(GI!$H$3),"",GI!$H$3) -> Beamlak Sultan Weldegebriel | U6: =MIP!E345 -> 71 | V6: 2 | W6: =IF(ISBLANK(GI!$H$3),"",GI!$H$3) -> Beamlak Sultan Weldegebriel | X6: =IF(ISBLANK(MIP!$E$412),"",MIP!$E$412) -> 68 | Z6: 2 | AA6: =IF(ISBLANK(GI!$H$3),"",GI!$H$3) -> Beamlak Sultan Weldegebriel | AB6: =MIP!E479 -> 0 | AC6: 2 | AD6: =IF(ISBLANK(GI!$H$3),"",GI!$H$3) -> Beamlak Sultan Weldegebriel | AE6: =IF(ISBLANK(MIP!$E$546),"",MIP!$E$546) -> 85 | AG6: 2 | AH6: =IF(ISBLANK(GI!$H$3),"",GI!$H$3) -> Beamlak Sultan Weldegebriel | AI6: =MIP!E613 -> 0 | AJ6: 2 | AK6: =IF(ISBLANK(GI!$H$3),"",GI!$H$3) -> Beamlak Sultan Weldegebriel | AL6: =IF(ISBLANK(MIP!$E$680),"",MIP!$E$680) -> 78 | AN6: 2 | AO6: =IF(ISBLANK(GI!$H$3),"",GI!$H$3) -> Beamlak Sultan Weldegebriel | AP6: =IF(ISBLANK(MIP!$E$747),"",MIP!$E$747) | AQ6: 2 | AR6: =IF(ISBLANK(GI!$H$3),"",GI!$H$3) -> Beamlak Sultan Weldegebriel | AU6: 2 | AV6: =IF(ISBLANK(GI!$H$3),"",GI!$H$3) -> Beamlak Sultan Weldegebriel
A7: 3 | B7: =IF(ISBLANK(GI!$H$4),"",GI!$H$4) -> Betelihim Kalayu Mamo | C7: =IF(ISBLANK(MIP!$E$12),"",MIP!$E$12) -> 59 | E7: 3 | F7: =IF(ISBLANK(GI!$H$4),"",GI!$H$4) -> Betelihim Kalayu Mamo | G7: =MIP!E79 -> 0 | H7: 3 | I7: =IF(ISBLANK(GI!$H$4),"",GI!$H$4) -> Betelihim Kalayu Mamo | J7: =IF(ISBLANK(MIP!$E$146),"",MIP!$E$146) -> 65 | L7: 3 | M7: =IF(ISBLANK(GI!$H$4),"",GI!$H$4) -> Betelihim Kalayu Mamo | N7: =MIP!E213 -> 0 | O7: 3 | P7: =IF(ISBLANK(GI!$H$4),"",GI!$H$4) -> Betelihim Kalayu Mamo | Q7: =IF(ISBLANK(MIP!$E$279),"",MIP!$E$279) -> 68 | S7: 3 | T7: =IF(ISBLANK(GI!$H$4),"",GI!$H$4) -> Betelihim Kalayu Mamo | U7: =MIP!E346 -> 79 | V7: 3 | W7: =IF(ISBLANK(GI!$H$4),"",GI!$H$4) -> Betelihim Kalayu Mamo | X7: =IF(ISBLANK(MIP!$E$413),"",MIP!$E$413) -> 62 | Z7: 3 | AA7: =IF(ISBLANK(GI!$H$4),"",GI!$H$4) -> Betelihim Kalayu Mamo | AB7: =MIP!E480 -> 0 | AC7: 3 | AD7: =IF(ISBLANK(GI!$H$4),"",GI!$H$4) -> Betelihim Kalayu Mamo | AE7: =IF(ISBLANK(MIP!$E$547),"",MIP!$E$547) -> 93 | AG7: 3 | AH7: =IF(ISBLANK(GI!$H$4),"",GI!$H$4) -> Betelihim Kalayu Mamo | AI7: =MIP!E614 -> 0 | AJ7: 3 | AK7: =IF(ISBLANK(GI!$H$4),"",GI!$H$4) -> Betelihim Kalayu Mamo | AL7: =IF(ISBLANK(MIP!$E$681),"",MIP!$E$681) -> 76 | AN7: 3 | AO7: =IF(ISBLANK(GI!$H$4),"",GI!$H$4) -> Betelihim Kalayu Mamo | AP7: =IF(ISBLANK(MIP!$E$748),"",MIP!$E$748) | AQ7: 3 | AR7: =IF(ISBLANK(GI!$H$4),"",GI!$H$4) -> Betelihim Kalayu Mamo | AU7: 3 | AV7: =IF(ISBLANK(GI!$H$4),"",GI!$H$4) -> Betelihim Kalayu Mamo
A8: 4 | B8: =IF(ISBLANK(GI!$H$5),"",GI!$H$5) -> Bethelhem Teklay Weldegerima | C8: =IF(ISBLANK(MIP!$E$13),"",MIP!$E$13) -> 77 | E8: 4 | F8: =IF(ISBLANK(GI!$H$5),"",GI!$H$5) -> Bethelhem Teklay Weldegerima | G8: =MIP!E80 -> 0 | H8: 4 | I8: =IF(ISBLANK(GI!$H$5),"",GI!$H$5) -> Bethelhem Teklay Weldegerima | J8: =IF(ISBLANK(MIP!$E$147),"",MIP!$E$147) -> 56 | L8: 4 | M8: =IF(ISBLANK(GI!$H$5),"",GI!$H$5) -> Bethelhem Teklay Weldegerima | N8: =MIP!E214 -> 0 | O8: 4 | P8: =IF(ISBLANK(GI!$H$5),"",GI!$H$5) -> Bethelhem Teklay Weldegerima | Q8: =IF(ISBLANK(MIP!$E$280),"",MIP!$E$280) -> 90 | S8: 4 | T8: =IF(ISBLANK(GI!$H$5),"",GI!$H$5) -> Bethelhem Teklay Weldegerima | U8: =MIP!E347 -> 71 | V8: 4 | W8: =IF(ISBLANK(GI!$H$5),"",GI!$H$5) -> Bethelhem Teklay Weldegerima | X8: =IF(ISBLANK(MIP!$E$414),"",MIP!$E$414) -> 75 | Z8: 4 | AA8: =IF(ISBLANK(GI!$H$5),"",GI!$H$5) -> Bethelhem Teklay Weldegerima | AB8: =MIP!E481 -> 0 | AC8: 4 | AD8: =IF(ISBLANK(GI!$H$5),"",GI!$H$5) -> Bethelhem Teklay Weldegerima | AE8: =IF(ISBLANK(MIP!$E$548),"",MIP!$E$548) -> 86 | AG8: 4 | AH8: =IF(ISBLANK(GI!$H$5),"",GI!$H$5) -> Bethelhem Teklay Weldegerima | AI8: =MIP!E615 -> 0 | AJ8: 4 | AK8: =IF(ISBLANK(GI!$H$5),"",GI!$H$5) -> Bethelhem Teklay Weldegerima | AL8: =IF(ISBLANK(MIP!$E$682),"",MIP!$E$682) -> 75 | AN8: 4 | AO8: =IF(ISBLANK(GI!$H$5),"",GI!$H$5) -> Bethelhem Teklay Weldegerima | AP8: =IF(ISBLANK(MIP!$E$749),"",MIP!$E$749) | AQ8: 4 | AR8: =IF(ISBLANK(GI!$H$5),"",GI!$H$5) -> Bethelhem Teklay Weldegerima | AU8: 4 | AV8: =IF(ISBLANK(GI!$H$5),"",GI!$H$5) -> Bethelhem Teklay Weldegerima
A9: 5 | B9: =IF(ISBLANK(GI!$H$6),"",GI!$H$6) -> Bilen Mesfin Taye | C9: =IF(ISBLANK(MIP!$E$14),"",MIP!$E$14) -> 57 | E9: 5 | F9: =IF(ISBLANK(GI!$H$6),"",GI!$H$6) -> Bilen Mesfin Taye | G9: =MIP!E81 -> 0 | H9: 5 | I9: =IF(ISBLANK(GI!$H$6),"",GI!$H$6) -> Bilen Mesfin Taye | J9: =IF(ISBLANK(MIP!$E$148),"",MIP!$E$148) -> 55 | L9: 5 | M9: =IF(ISBLANK(GI!$H$6),"",GI!$H$6) -> Bilen Mesfin Taye | N9: =MIP!E215 -> 0 | O9: 5 | P9: =IF(ISBLANK(GI!$H$6),"",GI!$H$6) -> Bilen Mesfin Taye | Q9: =IF(ISBLANK(MIP!$E$281),"",MIP!$E$281) -> 55 | S9: 5 | T9: =IF(ISBLANK(GI!$H$6),"",GI!$H$6) -> Bilen Mesfin Taye | U9: =MIP!E348 -> 33 | V9: 5 | W9: =IF(ISBLANK(GI!$H$6),"",GI!$H$6) -> Bilen Mesfin Taye | X9: =IF(ISBLANK(MIP!$E$415),"",MIP!$E$415) -> 44 | Z9: 5 | AA9: =IF(ISBLANK(GI!$H$6),"",GI!$H$6) -> Bilen Mesfin Taye | AB9: =MIP!E482 -> 0 | AC9: 5 | AD9: =IF(ISBLANK(GI!$H$6),"",GI!$H$6) -> Bilen Mesfin Taye | AE9: =IF(ISBLANK(MIP!$E$549),"",MIP!$E$549) -> 67 | AG9: 5 | AH9: =IF(ISBLANK(GI!$H$6),"",GI!$H$6) -> Bilen Mesfin Taye | AI9: =MIP!E616 -> 0 | AJ9: 5 | AK9: =IF(ISBLANK(GI!$H$6),"",GI!$H$6) -> Bilen Mesfin Taye | AL9: =IF(ISBLANK(MIP!$E$683),"",MIP!$E$683) -> 82 | AN9: 5 | AO9: =IF(ISBLANK(GI!$H$6),"",GI!$H$6) -> Bilen Mesfin Taye | AP9: =IF(ISBLANK(MIP!$E$750),"",MIP!$E$750) | AQ9: 5 | AR9: =IF(ISBLANK(GI!$H$6),"",GI!$H$6) -> Bilen Mesfin Taye | AU9: 5 | AV9: =IF(ISBLANK(GI!$H$6),"",GI!$H$6) -> Bilen Mesfin Taye
A10: 6 | B10: =IF(ISBLANK(GI!$H$7),"",GI!$H$7) -> Biruk Mulat Kiros | C10: =IF(ISBLANK(MIP!$E$15),"",MIP!$E$15) -> 63 | E10: 6 | F10: =IF(ISBLANK(GI!$H$7),"",GI!$H$7) -> Biruk Mulat Kiros | G10: =MIP!E82 -> 0 | H10: 6 | I10: =IF(ISBLANK(GI!$H$7),"",GI!$H$7) -> Biruk Mulat Kiros | J10: =IF(ISBLANK(MIP!$E$149),"",MIP!$E$149) -> 65 | L10: 6 | M10: =IF(ISBLANK(GI!$H$7),"",GI!$H$7) -> Biruk Mulat Kiros | N10: =MIP!E216 -> 0 | O10: 6 | P10: =IF(ISBLANK(GI!$H$7),"",GI!$H$7) -> Biruk Mulat Kiros | Q10: =IF(ISBLANK(MIP!$E$282),"",MIP!$E$282) -> 77 | S10: 6 | T10: =IF(ISBLANK(GI!$H$7),"",GI!$H$7) -> Biruk Mulat Kiros | U10: =MIP!E349 -> 82 | V10: 6 | W10: =IF(ISBLANK(GI!$H$7),"",GI!$H$7) -> Biruk Mulat Kiros | X10: =IF(ISBLANK(MIP!$E$416),"",MIP!$E$416) -> 71 | Z10: 6 | AA10: =IF(ISBLANK(GI!$H$7),"",GI!$H$7) -> Biruk Mulat Kiros | AB10: =MIP!E483 -> 0 | AC10: 6 | AD10: =IF(ISBLANK(GI!$H$7),"",GI!$H$7) -> Biruk Mulat Kiros | AE10: =IF(ISBLANK(MIP!$E$550),"",MIP!$E$550) -> 93 | AG10: 6 | AH10: =IF(ISBLANK(GI!$H$7),"",GI!$H$7) -> Biruk Mulat Kiros | AI10: =MIP!E617 -> 0 | AJ10: 6 | AK10: =IF(ISBLANK(GI!$H$7),"",GI!$H$7) -> Biruk Mulat Kiros | AL10: =IF(ISBLANK(MIP!$E$684),"",MIP!$E$684) -> 85 | AN10: 6 | AO10: =IF(ISBLANK(GI!$H$7),"",GI!$H$7) -> Biruk Mulat Kiros | AP10: =IF(ISBLANK(MIP!$E$751),"",MIP!$E$751) | AQ10: 6 | AR10: =IF(ISBLANK(GI!$H$7),"",GI!$H$7) -> Biruk Mulat Kiros | AU10: 6 | AV10: =IF(ISBLANK(GI!$H$7),"",GI!$H$7) -> Biruk Mulat Kiros
A11: 7 | B11: =IF(ISBLANK(GI!$H$8),"",GI!$H$8) -> Bruk Gebreabyezgi Gebreselassie | C11: =IF(ISBLANK(MIP!$E$16),"",MIP!$E$16) -> 53 | E11: 7 | F11: =IF(ISBLANK(GI!$H$8),"",GI!$H$8) -> Bruk Gebreabyezgi Gebreselassie | G11: =MIP!E83 -> 0 | H11: 7 | I11: =IF(ISBLANK(GI!$H$8),"",GI!$H$8) -> Bruk Gebreabyezgi Gebreselassie | J11: =IF(ISBLANK(MIP!$E$150),"",MIP!$E$150) -> 48 | L11: 7 | M11: =IF(ISBLANK(GI!$H$8),"",GI!$H$8) -> Bruk Gebreabyezgi Gebreselassie | N11: =MIP!E217 -> 0 | O11: 7 | P11: =IF(ISBLANK(GI!$H$8),"",GI!$H$8) -> Bruk Gebreabyezgi Gebreselassie | Q11: =IF(ISBLANK(MIP!$E$283),"",MIP!$E$283) -> 59 | S11: 7 | T11: =IF(ISBLANK(GI!$H$8),"",GI!$H$8) -> Bruk Gebreabyezgi Gebreselassie | U11: =MIP!E350 -> 59 | V11: 7 | W11: =IF(ISBLANK(GI!$H$8),"",GI!$H$8) -> Bruk Gebreabyezgi Gebreselassie | X11: =IF(ISBLANK(MIP!$E$417),"",MIP!$E$417) -> 56 | Z11: 7 | AA11: =IF(ISBLANK(GI!$H$8),"",GI!$H$8) -> Bruk Gebreabyezgi Gebreselassie | AB11: =MIP!E484 -> 0 | AC11: 7 | AD11: =IF(ISBLANK(GI!$H$8),"",GI!$H$8) -> Bruk Gebreabyezgi Gebreselassie | AE11: =IF(ISBLANK(MIP!$E$551),"",MIP!$E$551) -> 60 | AG11: 7 | AH11: =IF(ISBLANK(GI!$H$8),"",GI!$H$8) -> Bruk Gebreabyezgi Gebreselassie | AI11: =MIP!E618 -> 0 | AJ11: 7 | AK11: =IF(ISBLANK(GI!$H$8),"",GI!$H$8) -> Bruk Gebreabyezgi Gebreselassie | AL11: =IF(ISBLANK(MIP!$E$685),"",MIP!$E$685) -> 60 | AN11: 7 | AO11: =IF(ISBLANK(GI!$H$8),"",GI!$H$8) -> Bruk Gebreabyezgi Gebreselassie | AP11: =IF(ISBLANK(MIP!$E$752),"",MIP!$E$752) | AQ11: 7 | AR11: =IF(ISBLANK(GI!$H$8),"",GI!$H$8) -> Bruk Gebreabyezgi Gebreselassie | AU11: 7 | AV11: =IF(ISBLANK(GI!$H$8),"",GI!$H$8) -> Bruk Gebreabyezgi Gebreselassie
A12: 8 | B12: =IF(ISBLANK(GI!$H$9),"",GI!$H$9) -> Dagim Hagos Mehari | C12: =IF(ISBLANK(MIP!$E$17),"",MIP!$E$17) -> 66 | E12: 8 | F12: =IF(ISBLANK(GI!$H$9),"",GI!$H$9) -> Dagim Hagos Mehari | G12: =MIP!E84 -> 0 | H12: 8 | I12: =IF(ISBLANK(GI!$H$9),"",GI!$H$9) -> Dagim Hagos Mehari | J12: =IF(ISBLANK(MIP!$E$151),"",MIP!$E$151) -> 58 | L12: 8 | M12: =IF(ISBLANK(GI!$H$9),"",GI!$H$9) -> Dagim Hagos Mehari | N12: =MIP!E218 -> 0 | O12: 8 | P12: =IF(ISBLANK(GI!$H$9),"",GI!$H$9) -> Dagim Hagos Mehari | Q12: =IF(ISBLANK(MIP!$E$284),"",MIP!$E$284) -> 73 | S12: 8 | T12: =IF(ISBLANK(GI!$H$9),"",GI!$H$9) -> Dagim Hagos Mehari | U12: =MIP!E351 -> 73 | V12: 8 | W12: =IF(ISBLANK(GI!$H$9),"",GI!$H$9) -> Dagim Hagos Mehari | X12: =IF(ISBLANK(MIP!$E$418),"",MIP!$E$418) -> 61 | Z12: 8 | AA12: =IF(ISBLANK(GI!$H$9),"",GI!$H$9) -> Dagim Hagos Mehari | AB12: =MIP!E485 -> 0 | AC12: 8 | AD12: =IF(ISBLANK(GI!$H$9),"",GI!$H$9) -> Dagim Hagos Mehari | AE12: =IF(ISBLANK(MIP!$E$552),"",MIP!$E$552) -> 80 | AG12: 8 | AH12: =IF(ISBLANK(GI!$H$9),"",GI!$H$9) -> Dagim Hagos Mehari | AI12: =MIP!E619 -> 0 | AJ12: 8 | AK12: =IF(ISBLANK(GI!$H$9),"",GI!$H$9) -> Dagim Hagos Mehari | AL12: =IF(ISBLANK(MIP!$E$686),"",MIP!$E$686) -> 75 | AN12: 8 | AO12: =IF(ISBLANK(GI!$H$9),"",GI!$H$9) -> Dagim Hagos Mehari | AP12: =IF(ISBLANK(MIP!$E$753),"",MIP!$E$753) | AQ12: 8 | AR12: =IF(ISBLANK(GI!$H$9),"",GI!$H$9) -> Dagim Hagos Mehari | AU12: 8 | AV12: =IF(ISBLANK(GI!$H$9),"",GI!$H$9) -> Dagim Hagos Mehari
A13: 9 | B13: =IF(ISBLANK(GI!$H$10),"",GI!$H$10) -> Danait Alem Haile | C13: =IF(ISBLANK(MIP!$E$18),"",MIP!$E$18) -> 56 | E13: 9 | F13: =IF(ISBLANK(GI!$H$10),"",GI!$H$10) -> Danait Alem Haile | G13: =MIP!E85 -> 0 | H13: 9 | I13: =IF(ISBLANK(GI!$H$10),"",GI!$H$10) -> Danait Alem Haile | J13: =IF(ISBLANK(MIP!$E$152),"",MIP!$E$152) -> 60 | L13: 9 | M13: =IF(ISBLANK(GI!$H$10),"",GI!$H$10) -> Danait Alem Haile | N13: =MIP!E219 -> 0 | O13: 9 | P13: =IF(ISBLANK(GI!$H$10),"",GI!$H$10) -> Danait Alem Haile | Q13: =IF(ISBLANK(MIP!$E$285),"",MIP!$E$285) -> 56 | S13: 9 | T13: =IF(ISBLANK(GI!$H$10),"",GI!$H$10) -> Danait Alem Haile | U13: =MIP!E352 -> 58 | V13: 9 | W13: =IF(ISBLANK(GI!$H$10),"",GI!$H$10) -> Danait Alem Haile | X13: =IF(ISBLANK(MIP!$E$419),"",MIP!$E$419) -> 39 | Z13: 9 | AA13: =IF(ISBLANK(GI!$H$10),"",GI!$H$10) -> Danait Alem Haile | AB13: =MIP!E486 -> 0 | AC13: 9 | AD13: =IF(ISBLANK(GI!$H$10),"",GI!$H$10) -> Danait Alem Haile | AE13: =IF(ISBLANK(MIP!$E$553),"",MIP!$E$553) -> 78 | AG13: 9 | AH13: =IF(ISBLANK(GI!$H$10),"",GI!$H$10) -> Danait Alem Haile | AI13: =MIP!E620 -> 0 | AJ13: 9 | AK13: =IF(ISBLANK(GI!$H$10),"",GI!$H$10) -> Danait Alem Haile | AL13: =IF(ISBLANK(MIP!$E$687),"",MIP!$E$687) -> 70 | AN13: 9 | AO13: =IF(ISBLANK(GI!$H$10),"",GI!$H$10) -> Danait Alem Haile | AP13: =IF(ISBLANK(MIP!$E$754),"",MIP!$E$754) | AQ13: 9 | AR13: =IF(ISBLANK(GI!$H$10),"",GI!$H$10) -> Danait Alem Haile | AU13: 9 | AV13: =IF(ISBLANK(GI!$H$10),"",GI!$H$10) -> Danait Alem Haile
A14: 10 | B14: =IF(ISBLANK(GI!$H$11),"",GI!$H$11) -> Daniel Alem Beyene | C14: =IF(ISBLANK(MIP!$E$19),"",MIP!$E$19) -> 74 | E14: 10 | F14: =IF(ISBLANK(GI!$H$11),"",GI!$H$11) -> Daniel Alem Beyene | G14: =MIP!E86 -> 0 | H14: 10 | I14: =IF(ISBLANK(GI!$H$11),"",GI!$H$11) -> Daniel Alem Beyene | J14: =IF(ISBLANK(MIP!$E$153),"",MIP!$E$153) -> 61 | L14: 10 | M14: =IF(ISBLANK(GI!$H$11),"",GI!$H$11) -> Daniel Alem Beyene | N14: =MIP!E220 -> 0 | O14: 10 | P14: =IF(ISBLANK(GI!$H$11),"",GI!$H$11) -> Daniel Alem Beyene | Q14: =IF(ISBLANK(MIP!$E$286),"",MIP!$E$286) -> 67 | S14: 10 | T14: =IF(ISBLANK(GI!$H$11),"",GI!$H$11) -> Daniel Alem Beyene | U14: =MIP!E353 -> 81 | V14: 10 | W14: =IF(ISBLANK(GI!$H$11),"",GI!$H$11) -> Daniel Alem Beyene | X14: =IF(ISBLANK(MIP!$E$420),"",MIP!$E$420) -> 73 | Z14: 10 | AA14: =IF(ISBLANK(GI!$H$11),"",GI!$H$11) -> Daniel Alem Beyene | AB14: =MIP!E487 -> 0 | AC14: 10 | AD14: =IF(ISBLANK(GI!$H$11),"",GI!$H$11) -> Daniel Alem Beyene | AE14: =IF(ISBLANK(MIP!$E$554),"",MIP!$E$554) -> 73 | AG14: 10 | AH14: =IF(ISBLANK(GI!$H$11),"",GI!$H$11) -> Daniel Alem Beyene | AI14: =MIP!E621 -> 0 | AJ14: 10 | AK14: =IF(ISBLANK(GI!$H$11),"",GI!$H$11) -> Daniel Alem Beyene | AL14: =IF(ISBLANK(MIP!$E$688),"",MIP!$E$688) -> 74 | AN14: 10 | AO14: =IF(ISBLANK(GI!$H$11),"",GI!$H$11) -> Daniel Alem Beyene | AP14: =IF(ISBLANK(MIP!$E$755),"",MIP!$E$755) | AQ14: 10 | AR14: =IF(ISBLANK(GI!$H$11),"",GI!$H$11) -> Daniel Alem Beyene | AU14: 10 | AV14: =IF(ISBLANK(GI!$H$11),"",GI!$H$11) -> Daniel Alem Beyene
A15: 11 | B15: =IF(ISBLANK(GI!$H$12),"",GI!$H$12) -> Dawit Gebegziabher Teklay | C15: =IF(ISBLANK(MIP!$E$20),"",MIP!$E$20) -> 63 | E15: 11 | F15: =IF(ISBLANK(GI!$H$12),"",GI!$H$12) -> Dawit Gebegziabher Teklay | G15: =MIP!E87 -> 0 | H15: 11 | I15: =IF(ISBLANK(GI!$H$12),"",GI!$H$12) -> Dawit Gebegziabher Teklay | J15: =IF(ISBLANK(MIP!$E$154),"",MIP!$E$154) -> 60 | L15: 11 | M15: =IF(ISBLANK(GI!$H$12),"",GI!$H$12) -> Dawit Gebegziabher Teklay | N15: =MIP!E221 -> 0 | O15: 11 | P15: =IF(ISBLANK(GI!$H$12),"",GI!$H$12) -> Dawit Gebegziabher Teklay | Q15: =IF(ISBLANK(MIP!$E$287),"",MIP!$E$287) -> 76 | S15: 11 | T15: =IF(ISBLANK(GI!$H$12),"",GI!$H$12) -> Dawit Gebegziabher Teklay | U15: =MIP!E354 -> 59 | V15: 11 | W15: =IF(ISBLANK(GI!$H$12),"",GI!$H$12) -> Dawit Gebegziabher Teklay | X15: =IF(ISBLANK(MIP!$E$421),"",MIP!$E$421) -> 60 | Z15: 11 | AA15: =IF(ISBLANK(GI!$H$12),"",GI!$H$12) -> Dawit Gebegziabher Teklay | AB15: =MIP!E488 -> 0 | AC15: 11 | AD15: =IF(ISBLANK(GI!$H$12),"",GI!$H$12) -> Dawit Gebegziabher Teklay | AE15: =IF(ISBLANK(MIP!$E$555),"",MIP!$E$555) -> 74 | AG15: 11 | AH15: =IF(ISBLANK(GI!$H$12),"",GI!$H$12) -> Dawit Gebegziabher Teklay | AI15: =MIP!E622 -> 0 | AJ15: 11 | AK15: =IF(ISBLANK(GI!$H$12),"",GI!$H$12) -> Dawit Gebegziabher Teklay | AL15: =IF(ISBLANK(MIP!$E$689),"",MIP!$E$689) -> 66 | AN15: 11 | AO15: =IF(ISBLANK(GI!$H$12),"",GI!$H$12) -> Dawit Gebegziabher Teklay | AP15: =IF(ISBLANK(MIP!$E$756),"",MIP!$E$756) | AQ15: 11 | AR15: =IF(ISBLANK(GI!$H$12),"",GI!$H$12) -> Dawit Gebegziabher Teklay | AU15: 11 | AV15: =IF(ISBLANK(GI!$H$12),"",GI!$H$12) -> Dawit Gebegziabher Teklay
A16: 12 | B16: =IF(ISBLANK(GI!$H$13),"",GI!$H$13) -> Ibrahim Ahmedin Ebrahim | C16: =IF(ISBLANK(MIP!$E$21),"",MIP!$E$21) -> 74 | E16: 12 | F16: =IF(ISBLANK(GI!$H$13),"",GI!$H$13) -> Ibrahim Ahmedin Ebrahim | G16: =MIP!E88 -> 0 | H16: 12 | I16: =IF(ISBLANK(GI!$H$13),"",GI!$H$13) -> Ibrahim Ahmedin Ebrahim | J16: =IF(ISBLANK(MIP!$E$155),"",MIP!$E$155) -> 57 | L16: 12 | M16: =IF(ISBLANK(GI!$H$13),"",GI!$H$13) -> Ibrahim Ahmedin Ebrahim | N16: =MIP!E222 -> 0 | O16: 12 | P16: =IF(ISBLANK(GI!$H$13),"",GI!$H$13) -> Ibrahim Ahmedin Ebrahim | Q16: =IF(ISBLANK(MIP!$E$288),"",MIP!$E$288) -> 86 | S16: 12 | T16: =IF(ISBLANK(GI!$H$13),"",GI!$H$13) -> Ibrahim Ahmedin Ebrahim | U16: =MIP!E355 -> 85 | V16: 12 | W16: =IF(ISBLANK(GI!$H$13),"",GI!$H$13) -> Ibrahim Ahmedin Ebrahim | X16: =IF(ISBLANK(MIP!$E$422),"",MIP!$E$422) -> 74 | Z16: 12 | AA16: =IF(ISBLANK(GI!$H$13),"",GI!$H$13) -> Ibrahim Ahmedin Ebrahim | AB16: =MIP!E489 -> 0 | AC16: 12 | AD16: =IF(ISBLANK(GI!$H$13),"",GI!$H$13) -> Ibrahim Ahmedin Ebrahim | AE16: =IF(ISBLANK(MIP!$E$556),"",MIP!$E$556) -> 92 | AG16: 12 | AH16: =IF(ISBLANK(GI!$H$13),"",GI!$H$13) -> Ibrahim Ahmedin Ebrahim | AI16: =MIP!E623 -> 0 | AJ16: 12 | AK16: =IF(ISBLANK(GI!$H$13),"",GI!$H$13) -> Ibrahim Ahmedin Ebrahim | AL16: =IF(ISBLANK(MIP!$E$690),"",MIP!$E$690) -> 81 | AN16: 12 | AO16: =IF(ISBLANK(GI!$H$13),"",GI!$H$13) -> Ibrahim Ahmedin Ebrahim | AP16: =IF(ISBLANK(MIP!$E$757),"",MIP!$E$757) | AQ16: 12 | AR16: =IF(ISBLANK(GI!$H$13),"",GI!$H$13) -> Ibrahim Ahmedin Ebrahim | AU16: 12 | AV16: =IF(ISBLANK(GI!$H$13),"",GI!$H$13) -> Ibrahim Ahmedin Ebrahim
A17: 13 | B17: =IF(ISBLANK(GI!$H$14),"",GI!$H$14) -> Eldana Tewelde Negash | C17: =IF(ISBLANK(MIP!$E$22),"",MIP!$E$22) -> 61 | E17: 13 | F17: =IF(ISBLANK(GI!$H$14),"",GI!$H$14) -> Eldana Tewelde Negash | G17: =MIP!E89 -> 0 | H17: 13 | I17: =IF(ISBLANK(GI!$H$14),"",GI!$H$14) -> Eldana Tewelde Negash | J17: =IF(ISBLANK(MIP!$E$156),"",MIP!$E$156) -> 62 | L17: 13 | M17: =IF(ISBLANK(GI!$H$14),"",GI!$H$14) -> Eldana Tewelde Negash | N17: =MIP!E223 -> 0 | O17: 13 | P17: =IF(ISBLANK(GI!$H$14),"",GI!$H$14) -> Eldana Tewelde Negash | Q17: =IF(ISBLANK(MIP!$E$289),"",MIP!$E$289) -> 81 | S17: 13 | T17: =IF(ISBLANK(GI!$H$14),"",GI!$H$14) -> Eldana Tewelde Negash | U17: =MIP!E356 -> 83 | V17: 13 | W17: =IF(ISBLANK(GI!$H$14),"",GI!$H$14) -> Eldana Tewelde Negash | X17: =IF(ISBLANK(MIP!$E$423),"",MIP!$E$423) -> 72 | Z17: 13 | AA17: =IF(ISBLANK(GI!$H$14),"",GI!$H$14) -> Eldana Tewelde Negash | AB17: =MIP!E490 -> 0 | AC17: 13 | AD17: =IF(ISBLANK(GI!$H$14),"",GI!$H$14) -> Eldana Tewelde Negash | AE17: =IF(ISBLANK(MIP!$E$557),"",MIP!$E$557) -> 75 | AG17: 13 | AH17: =IF(ISBLANK(GI!$H$14),"",GI!$H$14) -> Eldana Tewelde Negash | AI17: =MIP!E624 -> 0 | AJ17: 13 | AK17: =IF(ISBLANK(GI!$H$14),"",GI!$H$14) -> Eldana Tewelde Negash | AL17: =IF(ISBLANK(MIP!$E$691),"",MIP!$E$691) -> 74 | AN17: 13 | AO17: =IF(ISBLANK(GI!$H$14),"",GI!$H$14) -> Eldana Tewelde Negash | AP17: =IF(ISBLANK(MIP!$E$758),"",MIP!$E$758) | AQ17: 13 | AR17: =IF(ISBLANK(GI!$H$14),"",GI!$H$14) -> Eldana Tewelde Negash | AU17: 13 | AV17: =IF(ISBLANK(GI!$H$14),"",GI!$H$14) -> Eldana Tewelde Negash
A18: 14 | B18: =IF(ISBLANK(GI!$H$15),"",GI!$H$15) -> Elilta Asay Eyasu | C18: =IF(ISBLANK(MIP!$E$23),"",MIP!$E$23) -> 75 | E18: 14 | F18: =IF(ISBLANK(GI!$H$15),"",GI!$H$15) -> Elilta Asay Eyasu | G18: =MIP!E90 -> 0 | H18: 14 | I18: =IF(ISBLANK(GI!$H$15),"",GI!$H$15) -> Elilta Asay Eyasu | J18: =IF(ISBLANK(MIP!$E$157),"",MIP!$E$157) -> 52 | L18: 14 | M18: =IF(ISBLANK(GI!$H$15),"",GI!$H$15) -> Elilta Asay Eyasu | N18: =MIP!E224 -> 0 | O18: 14 | P18: =IF(ISBLANK(GI!$H$15),"",GI!$H$15) -> Elilta Asay Eyasu | Q18: =IF(ISBLANK(MIP!$E$290),"",MIP!$E$290) -> 90 | S18: 14 | T18: =IF(ISBLANK(GI!$H$15),"",GI!$H$15) -> Elilta Asay Eyasu | U18: =MIP!E357 -> 82 | V18: 14 | W18: =IF(ISBLANK(GI!$H$15),"",GI!$H$15) -> Elilta Asay Eyasu | X18: =IF(ISBLANK(MIP!$E$424),"",MIP!$E$424) -> 79 | Z18: 14 | AA18: =IF(ISBLANK(GI!$H$15),"",GI!$H$15) -> Elilta Asay Eyasu | AB18: =MIP!E491 -> 0 | AC18: 14 | AD18: =IF(ISBLANK(GI!$H$15),"",GI!$H$15) -> Elilta Asay Eyasu | AE18: =IF(ISBLANK(MIP!$E$558),"",MIP!$E$558) -> 91 | AG18: 14 | AH18: =IF(ISBLANK(GI!$H$15),"",GI!$H$15) -> Elilta Asay Eyasu | AI18: =MIP!E625 -> 0 | AJ18: 14 | AK18: =IF(ISBLANK(GI!$H$15),"",GI!$H$15) -> Elilta Asay Eyasu | AL18: =IF(ISBLANK(MIP!$E$692),"",MIP!$E$692) -> 88 | AN18: 14 | AO18: =IF(ISBLANK(GI!$H$15),"",GI!$H$15) -> Elilta Asay Eyasu | AP18: =IF(ISBLANK(MIP!$E$759),"",MIP!$E$759) | AQ18: 14 | AR18: =IF(ISBLANK(GI!$H$15),"",GI!$H$15) -> Elilta Asay Eyasu | AU18: 14 | AV18: =IF(ISBLANK(GI!$H$15),"",GI!$H$15) -> Elilta Asay Eyasu
A19: 15 | B19: =IF(ISBLANK(GI!$H$16),"",GI!$H$16) -> Emebet Haftay Gebremichael | C19: =IF(ISBLANK(MIP!$E$24),"",MIP!$E$24) -> 76 | E19: 15 | F19: =IF(ISBLANK(GI!$H$16),"",GI!$H$16) -> Emebet Haftay Gebremichael | G19: =MIP!E91 -> 0 | H19: 15 | I19: =IF(ISBLANK(GI!$H$16),"",GI!$H$16) -> Emebet Haftay Gebremichael | J19: =IF(ISBLANK(MIP!$E$158),"",MIP!$E$158) -> 61 | L19: 15 | M19: =IF(ISBLANK(GI!$H$16),"",GI!$H$16) -> Emebet Haftay Gebremichael | N19: =MIP!E225 -> 0 | O19: 15 | P19: =IF(ISBLANK(GI!$H$16),"",GI!$H$16) -> Emebet Haftay Gebremichael | Q19: =IF(ISBLANK(MIP!$E$291),"",MIP!$E$291) -> 100 | S19: 15 | T19: =IF(ISBLANK(GI!$H$16),"",GI!$H$16) -> Emebet Haftay Gebremichael | U19: =MIP!E358 -> 96 | V19: 15 | W19: =IF(ISBLANK(GI!$H$16),"",GI!$H$16) -> Emebet Haftay Gebremichael | X19: =IF(ISBLANK(MIP!$E$425),"",MIP!$E$425) -> 88 | Z19: 15 | AA19: =IF(ISBLANK(GI!$H$16),"",GI!$H$16) -> Emebet Haftay Gebremichael | AB19: =MIP!E492 -> 0 | AC19: 15 | AD19: =IF(ISBLANK(GI!$H$16),"",GI!$H$16) -> Emebet Haftay Gebremichael | AE19: =IF(ISBLANK(MIP!$E$559),"",MIP!$E$559) -> 89 | AG19: 15 | AH19: =IF(ISBLANK(GI!$H$16),"",GI!$H$16) -> Emebet Haftay Gebremichael | AI19: =MIP!E626 -> 0 | AJ19: 15 | AK19: =IF(ISBLANK(GI!$H$16),"",GI!$H$16) -> Emebet Haftay Gebremichael | AL19: =IF(ISBLANK(MIP!$E$693),"",MIP!$E$693) -> 94 | AN19: 15 | AO19: =IF(ISBLANK(GI!$H$16),"",GI!$H$16) -> Emebet Haftay Gebremichael | AP19: =IF(ISBLANK(MIP!$E$760),"",MIP!$E$760) | AQ19: 15 | AR19: =IF(ISBLANK(GI!$H$16),"",GI!$H$16) -> Emebet Haftay Gebremichael | AU19: 15 | AV19: =IF(ISBLANK(GI!$H$16),"",GI!$H$16) -> Emebet Haftay Gebremichael
A20: 16 | B20: =IF(ISBLANK(GI!$H$17),"",GI!$H$17) -> Ermiyas Gebremeskel Hailu | C20: =IF(ISBLANK(MIP!$E$25),"",MIP!$E$25) -> 59 | E20: 16 | F20: =IF(ISBLANK(GI!$H$17),"",GI!$H$17) -> Ermiyas Gebremeskel Hailu | G20: =MIP!E92 -> 0 | H20: 16 | I20: =IF(ISBLANK(GI!$H$17),"",GI!$H$17) -> Ermiyas Gebremeskel Hailu | J20: =IF(ISBLANK(MIP!$E$159),"",MIP!$E$159) -> 60 | L20: 16 | M20: =IF(ISBLANK(GI!$H$17),"",GI!$H$17) -> Ermiyas Gebremeskel Hailu | N20: =MIP!E226 -> 0 | O20: 16 | P20: =IF(ISBLANK(GI!$H$17),"",GI!$H$17) -> Ermiyas Gebremeskel Hailu | Q20: =IF(ISBLANK(MIP!$E$292),"",MIP!$E$292) -> 70 | S20: 16 | T20: =IF(ISBLANK(GI!$H$17),"",GI!$H$17) -> Ermiyas Gebremeskel Hailu | U20: =MIP!E359 -> 76 | V20: 16 | W20: =IF(ISBLANK(GI!$H$17),"",GI!$H$17) -> Ermiyas Gebremeskel Hailu | X20: =IF(ISBLANK(MIP!$E$426),"",MIP!$E$426) -> 62 | Z20: 16 | AA20: =IF(ISBLANK(GI!$H$17),"",GI!$H$17) -> Ermiyas Gebremeskel Hailu | AB20: =MIP!E493 -> 0 | AC20: 16 | AD20: =IF(ISBLANK(GI!$H$17),"",GI!$H$17) -> Ermiyas Gebremeskel Hailu | AE20: =IF(ISBLANK(MIP!$E$560),"",MIP!$E$560) -> 90 | AG20: 16 | AH20: =IF(ISBLANK(GI!$H$17),"",GI!$H$17) -> Ermiyas Gebremeskel Hailu | AI20: =MIP!E627 -> 0 | AJ20: 16 | AK20: =IF(ISBLANK(GI!$H$17),"",GI!$H$17) -> Ermiyas Gebremeskel Hailu | AL20: =IF(ISBLANK(MIP!$E$694),"",MIP!$E$694) -> 63 | AN20: 16 | AO20: =IF(ISBLANK(GI!$H$17),"",GI!$H$17) -> Ermiyas Gebremeskel Hailu | AP20: =IF(ISBLANK(MIP!$E$761),"",MIP!$E$761) | AQ20: 16 | AR20: =IF(ISBLANK(GI!$H$17),"",GI!$H$17) -> Ermiyas Gebremeskel Hailu | AU20: 16 | AV20: =IF(ISBLANK(GI!$H$17),"",GI!$H$17) -> Ermiyas Gebremeskel Hailu
A21: 17 | B21: =IF(ISBLANK(GI!$H$18),"",GI!$H$18) -> Esrom Amanuel Tsegay | C21: =IF(ISBLANK(MIP!$E$26),"",MIP!$E$26) -> 62 | E21: 17 | F21: =IF(ISBLANK(GI!$H$18),"",GI!$H$18) -> Esrom Amanuel Tsegay | G21: =MIP!E93 -> 0 | H21: 17 | I21: =IF(ISBLANK(GI!$H$18),"",GI!$H$18) -> Esrom Amanuel Tsegay | J21: =IF(ISBLANK(MIP!$E$160),"",MIP!$E$160) -> 65 | L21: 17 | M21: =IF(ISBLANK(GI!$H$18),"",GI!$H$18) -> Esrom Amanuel Tsegay | N21: =MIP!E227 -> 0 | O21: 17 | P21: =IF(ISBLANK(GI!$H$18),"",GI!$H$18) -> Esrom Amanuel Tsegay | Q21: =IF(ISBLANK(MIP!$E$293),"",MIP!$E$293) -> 92 | S21: 17 | T21: =IF(ISBLANK(GI!$H$18),"",GI!$H$18) -> Esrom Amanuel Tsegay | U21: =MIP!E360 -> 84 | V21: 17 | W21: =IF(ISBLANK(GI!$H$18),"",GI!$H$18) -> Esrom Amanuel Tsegay | X21: =IF(ISBLANK(MIP!$E$427),"",MIP!$E$427) -> 81 | Z21: 17 | AA21: =IF(ISBLANK(GI!$H$18),"",GI!$H$18) -> Esrom Amanuel Tsegay | AB21: =MIP!E494 -> 0 | AC21: 17 | AD21: =IF(ISBLANK(GI!$H$18),"",GI!$H$18) -> Esrom Amanuel Tsegay | AE21: =IF(ISBLANK(MIP!$E$561),"",MIP!$E$561) -> 93 | AG21: 17 | AH21: =IF(ISBLANK(GI!$H$18),"",GI!$H$18) -> Esrom Amanuel Tsegay | AI21: =MIP!E628 -> 0 | AJ21: 17 | AK21: =IF(ISBLANK(GI!$H$18),"",GI!$H$18) -> Esrom Amanuel Tsegay | AL21: =IF(ISBLANK(MIP!$E$695),"",MIP!$E$695) -> 91 | AN21: 17 | AO21: =IF(ISBLANK(GI!$H$18),"",GI!$H$18) -> Esrom Amanuel Tsegay | AP21: =IF(ISBLANK(MIP!$E$762),"",MIP!$E$762) | AQ21: 17 | AR21: =IF(ISBLANK(GI!$H$18),"",GI!$H$18) -> Esrom Amanuel Tsegay | AU21: 17 | AV21: =IF(ISBLANK(GI!$H$18),"",GI!$H$18) -> Esrom Amanuel Tsegay
A22: 18 | B22: =IF(ISBLANK(GI!$H$19),"",GI!$H$19) -> Eyorsalem Afera Gebremedhin | C22: =IF(ISBLANK(MIP!$E$27),"",MIP!$E$27) -> 83 | E22: 18 | F22: =IF(ISBLANK(GI!$H$19),"",GI!$H$19) -> Eyorsalem Afera Gebremedhin | G22: =MIP!E94 -> 0 | H22: 18 | I22: =IF(ISBLANK(GI!$H$19),"",GI!$H$19) -> Eyorsalem Afera Gebremedhin | J22: =IF(ISBLANK(MIP!$E$161),"",MIP!$E$161) -> 83 | L22: 18 | M22: =IF(ISBLANK(GI!$H$19),"",GI!$H$19) -> Eyorsalem Afera Gebremedhin | N22: =MIP!E228 -> 0 | O22: 18 | P22: =IF(ISBLANK(GI!$H$19),"",GI!$H$19) -> Eyorsalem Afera Gebremedhin | Q22: =IF(ISBLANK(MIP!$E$294),"",MIP!$E$294) -> 97 | S22: 18 | T22: =IF(ISBLANK(GI!$H$19),"",GI!$H$19) -> Eyorsalem Afera Gebremedhin | U22: =MIP!E361 -> 91 | V22: 18 | W22: =IF(ISBLANK(GI!$H$19),"",GI!$H$19) -> Eyorsalem Afera Gebremedhin | X22: =IF(ISBLANK(MIP!$E$428),"",MIP!$E$428) -> 76 | Z22: 18 | AA22: =IF(ISBLANK(GI!$H$19),"",GI!$H$19) -> Eyorsalem Afera Gebremedhin | AB22: =MIP!E495 -> 0 | AC22: 18 | AD22: =IF(ISBLANK(GI!$H$19),"",GI!$H$19) -> Eyorsalem Afera Gebremedhin | AE22: =IF(ISBLANK(MIP!$E$562),"",MIP!$E$562) -> 95 | AG22: 18 | AH22: =IF(ISBLANK(GI!$H$19),"",GI!$H$19) -> Eyorsalem Afera Gebremedhin | AI22: =MIP!E629 -> 0 | AJ22: 18 | AK22: =IF(ISBLANK(GI!$H$19),"",GI!$H$19) -> Eyorsalem Afera Gebremedhin | AL22: =IF(ISBLANK(MIP!$E$696),"",MIP!$E$696) -> 98 | AN22: 18 | AO22: =IF(ISBLANK(GI!$H$19),"",GI!$H$19) -> Eyorsalem Afera Gebremedhin | AP22: =IF(ISBLANK(MIP!$E$763),"",MIP!$E$763) | AQ22: 18 | AR22: =IF(ISBLANK(GI!$H$19),"",GI!$H$19) -> Eyorsalem Afera Gebremedhin | AU22: 18 | AV22: =IF(ISBLANK(GI!$H$19),"",GI!$H$19) -> Eyorsalem Afera Gebremedhin
A23: 19 | B23: =IF(ISBLANK(GI!$H$20),"",GI!$H$20) -> Fasil Alem Kahsay | C23: =IF(ISBLANK(MIP!$E$28),"",MIP!$E$28) -> 62 | E23: 19 | F23: =IF(ISBLANK(GI!$H$20),"",GI!$H$20) -> Fasil Alem Kahsay | G23: =MIP!E95 -> 0 | H23: 19 | I23: =IF(ISBLANK(GI!$H$20),"",GI!$H$20) -> Fasil Alem Kahsay | J23: =IF(ISBLANK(MIP!$E$162),"",MIP!$E$162) -> 55 | L23: 19 | M23: =IF(ISBLANK(GI!$H$20),"",GI!$H$20) -> Fasil Alem Kahsay | N23: =MIP!E229 -> 0 | O23: 19 | P23: =IF(ISBLANK(GI!$H$20),"",GI!$H$20) -> Fasil Alem Kahsay | Q23: =IF(ISBLANK(MIP!$E$295),"",MIP!$E$295) -> 80 | S23: 19 | T23: =IF(ISBLANK(GI!$H$20),"",GI!$H$20) -> Fasil Alem Kahsay | U23: =MIP!E362 -> 63 | V23: 19 | W23: =IF(ISBLANK(GI!$H$20),"",GI!$H$20) -> Fasil Alem Kahsay | X23: =IF(ISBLANK(MIP!$E$429),"",MIP!$E$429) -> 56 | Z23: 19 | AA23: =IF(ISBLANK(GI!$H$20),"",GI!$H$20) -> Fasil Alem Kahsay | AB23: =MIP!E496 -> 0 | AC23: 19 | AD23: =IF(ISBLANK(GI!$H$20),"",GI!$H$20) -> Fasil Alem Kahsay | AE23: =IF(ISBLANK(MIP!$E$563),"",MIP!$E$563) -> 65 | AG23: 19 | AH23: =IF(ISBLANK(GI!$H$20),"",GI!$H$20) -> Fasil Alem Kahsay | AI23: =MIP!E630 -> 0 | AJ23: 19 | AK23: =IF(ISBLANK(GI!$H$20),"",GI!$H$20) -> Fasil Alem Kahsay | AL23: =IF(ISBLANK(MIP!$E$697),"",MIP!$E$697) -> 75 | AN23: 19 | AO23: =IF(ISBLANK(GI!$H$20),"",GI!$H$20) -> Fasil Alem Kahsay | AP23: =IF(ISBLANK(MIP!$E$764),"",MIP!$E$764) | AQ23: 19 | AR23: =IF(ISBLANK(GI!$H$20),"",GI!$H$20) -> Fasil Alem Kahsay | AU23: 19 | AV23: =IF(ISBLANK(GI!$H$20),"",GI!$H$20) -> Fasil Alem Kahsay
A24: 20 | B24: =IF(ISBLANK(GI!$H$21),"",GI!$H$21) -> Hassen Abdelruhman Salih | C24: =IF(ISBLANK(MIP!$E$29),"",MIP!$E$29) -> 68 | E24: 20 | F24: =IF(ISBLANK(GI!$H$21),"",GI!$H$21) -> Hassen Abdelruhman Salih | G24: =MIP!E96 -> 0 | H24: 20 | I24: =IF(ISBLANK(GI!$H$21),"",GI!$H$21) -> Hassen Abdelruhman Salih | J24: =IF(ISBLANK(MIP!$E$163),"",MIP!$E$163) -> 64 | L24: 20 | M24: =IF(ISBLANK(GI!$H$21),"",GI!$H$21) -> Hassen Abdelruhman Salih | N24: =MIP!E230 -> 0 | O24: 20 | P24: =IF(ISBLANK(GI!$H$21),"",GI!$H$21) -> Hassen Abdelruhman Salih | Q24: =IF(ISBLANK(MIP!$E$296),"",MIP!$E$296) -> 75 | S24: 20 | T24: =IF(ISBLANK(GI!$H$21),"",GI!$H$21) -> Hassen Abdelruhman Salih | U24: =MIP!E363 -> 76 | V24: 20 | W24: =IF(ISBLANK(GI!$H$21),"",GI!$H$21) -> Hassen Abdelruhman Salih | X24: =IF(ISBLANK(MIP!$E$430),"",MIP!$E$430) -> 64 | Z24: 20 | AA24: =IF(ISBLANK(GI!$H$21),"",GI!$H$21) -> Hassen Abdelruhman Salih | AB24: =MIP!E497 -> 0 | AC24: 20 | AD24: =IF(ISBLANK(GI!$H$21),"",GI!$H$21) -> Hassen Abdelruhman Salih | AE24: =IF(ISBLANK(MIP!$E$564),"",MIP!$E$564) -> 95 | AG24: 20 | AH24: =IF(ISBLANK(GI!$H$21),"",GI!$H$21) -> Hassen Abdelruhman Salih | AI24: =MIP!E631 -> 0 | AJ24: 20 | AK24: =IF(ISBLANK(GI!$H$21),"",GI!$H$21) -> Hassen Abdelruhman Salih | AL24: =IF(ISBLANK(MIP!$E$698),"",MIP!$E$698) -> 78 | AN24: 20 | AO24: =IF(ISBLANK(GI!$H$21),"",GI!$H$21) -> Hassen Abdelruhman Salih | AP24: =IF(ISBLANK(MIP!$E$765),"",MIP!$E$765) | AQ24: 20 | AR24: =IF(ISBLANK(GI!$H$21),"",GI!$H$21) -> Hassen Abdelruhman Salih | AU24: 20 | AV24: =IF(ISBLANK(GI!$H$21),"",GI!$H$21) -> Hassen Abdelruhman Salih
A25: 21 | B25: =IF(ISBLANK(GI!$H$22),"",GI!$H$22) -> Heldana Mengstu Mebrahtu | C25: =IF(ISBLANK(MIP!$E$30),"",MIP!$E$30) -> 76 | E25: 21 | F25: =IF(ISBLANK(GI!$H$22),"",GI!$H$22) -> Heldana Mengstu Mebrahtu | G25: =MIP!E97 -> 0 | H25: 21 | I25: =IF(ISBLANK(GI!$H$22),"",GI!$H$22) -> Heldana Mengstu Mebrahtu | J25: =IF(ISBLANK(MIP!$E$164),"",MIP!$E$164) -> 60 | L25: 21 | M25: =IF(ISBLANK(GI!$H$22),"",GI!$H$22) -> Heldana Mengstu Mebrahtu | N25: =MIP!E231 -> 0 | O25: 21 | P25: =IF(ISBLANK(GI!$H$22),"",GI!$H$22) -> Heldana Mengstu Mebrahtu | Q25: =IF(ISBLANK(MIP!$E$297),"",MIP!$E$297) -> 84 | S25: 21 | T25: =IF(ISBLANK(GI!$H$22),"",GI!$H$22) -> Heldana Mengstu Mebrahtu | U25: =MIP!E364 -> 87 | V25: 21 | W25: =IF(ISBLANK(GI!$H$22),"",GI!$H$22) -> Heldana Mengstu Mebrahtu | X25: =IF(ISBLANK(MIP!$E$431),"",MIP!$E$431) -> 73 | Z25: 21 | AA25: =IF(ISBLANK(GI!$H$22),"",GI!$H$22) -> Heldana Mengstu Mebrahtu | AB25: =MIP!E498 -> 0 | AC25: 21 | AD25: =IF(ISBLANK(GI!$H$22),"",GI!$H$22) -> Heldana Mengstu Mebrahtu | AE25: =IF(ISBLANK(MIP!$E$565),"",MIP!$E$565) -> 82 | AG25: 21 | AH25: =IF(ISBLANK(GI!$H$22),"",GI!$H$22) -> Heldana Mengstu Mebrahtu | AI25: =MIP!E632 -> 0 | AJ25: 21 | AK25: =IF(ISBLANK(GI!$H$22),"",GI!$H$22) -> Heldana Mengstu Mebrahtu | AL25: =IF(ISBLANK(MIP!$E$699),"",MIP!$E$699) -> 82 | AN25: 21 | AO25: =IF(ISBLANK(GI!$H$22),"",GI!$H$22) -> Heldana Mengstu Mebrahtu | AP25: =IF(ISBLANK(MIP!$E$766),"",MIP!$E$766) | AQ25: 21 | AR25: =IF(ISBLANK(GI!$H$22),"",GI!$H$22) -> Heldana Mengstu Mebrahtu | AU25: 21 | AV25: =IF(ISBLANK(GI!$H$22),"",GI!$H$22) -> Heldana Mengstu Mebrahtu
A26: 22 | B26: =IF(ISBLANK(GI!$H$23),"",GI!$H$23) -> Hilina Aregawi Abrha | C26: =IF(ISBLANK(MIP!$E$31),"",MIP!$E$31) -> 61 | E26: 22 | F26: =IF(ISBLANK(GI!$H$23),"",GI!$H$23) -> Hilina Aregawi Abrha | G26: =MIP!E98 -> 0 | H26: 22 | I26: =IF(ISBLANK(GI!$H$23),"",GI!$H$23) -> Hilina Aregawi Abrha | J26: =IF(ISBLANK(MIP!$E$165),"",MIP!$E$165) -> 54 | L26: 22 | M26: =IF(ISBLANK(GI!$H$23),"",GI!$H$23) -> Hilina Aregawi Abrha | N26: =MIP!E232 -> 0 | O26: 22 | P26: =IF(ISBLANK(GI!$H$23),"",GI!$H$23) -> Hilina Aregawi Abrha | Q26: =IF(ISBLANK(MIP!$E$298),"",MIP!$E$298) -> 94 | S26: 22 | T26: =IF(ISBLANK(GI!$H$23),"",GI!$H$23) -> Hilina Aregawi Abrha | U26: =MIP!E365 -> 80 | V26: 22 | W26: =IF(ISBLANK(GI!$H$23),"",GI!$H$23) -> Hilina Aregawi Abrha | X26: =IF(ISBLANK(MIP!$E$432),"",MIP!$E$432) -> 72 | Z26: 22 | AA26: =IF(ISBLANK(GI!$H$23),"",GI!$H$23) -> Hilina Aregawi Abrha | AB26: =MIP!E499 -> 0 | AC26: 22 | AD26: =IF(ISBLANK(GI!$H$23),"",GI!$H$23) -> Hilina Aregawi Abrha | AE26: =IF(ISBLANK(MIP!$E$566),"",MIP!$E$566) -> 84 | AG26: 22 | AH26: =IF(ISBLANK(GI!$H$23),"",GI!$H$23) -> Hilina Aregawi Abrha | AI26: =MIP!E633 -> 0 | AJ26: 22 | AK26: =IF(ISBLANK(GI!$H$23),"",GI!$H$23) -> Hilina Aregawi Abrha | AL26: =IF(ISBLANK(MIP!$E$700),"",MIP!$E$700) -> 88 | AN26: 22 | AO26: =IF(ISBLANK(GI!$H$23),"",GI!$H$23) -> Hilina Aregawi Abrha | AP26: =IF(ISBLANK(MIP!$E$767),"",MIP!$E$767) | AQ26: 22 | AR26: =IF(ISBLANK(GI!$H$23),"",GI!$H$23) -> Hilina Aregawi Abrha | AU26: 22 | AV26: =IF(ISBLANK(GI!$H$23),"",GI!$H$23) -> Hilina Aregawi Abrha
A27: 23 | B27: =IF(ISBLANK(GI!$H$24),"",GI!$H$24) -> Kaleab Haile Kahsay | C27: =IF(ISBLANK(MIP!$E$32),"",MIP!$E$32) -> 74 | E27: 23 | F27: =IF(ISBLANK(GI!$H$24),"",GI!$H$24) -> Kaleab Haile Kahsay | G27: =MIP!E99 -> 0 | H27: 23 | I27: =IF(ISBLANK(GI!$H$24),"",GI!$H$24) -> Kaleab Haile Kahsay | J27: =IF(ISBLANK(MIP!$E$166),"",MIP!$E$166) -> 53 | L27: 23 | M27: =IF(ISBLANK(GI!$H$24),"",GI!$H$24) -> Kaleab Haile Kahsay | N27: =MIP!E233 -> 0 | O27: 23 | P27: =IF(ISBLANK(GI!$H$24),"",GI!$H$24) -> Kaleab Haile Kahsay | Q27: =IF(ISBLANK(MIP!$E$299),"",MIP!$E$299) -> 82 | S27: 23 | T27: =IF(ISBLANK(GI!$H$24),"",GI!$H$24) -> Kaleab Haile Kahsay | U27: =MIP!E366 -> 78 | V27: 23 | W27: =IF(ISBLANK(GI!$H$24),"",GI!$H$24) -> Kaleab Haile Kahsay | X27: =IF(ISBLANK(MIP!$E$433),"",MIP!$E$433) -> 73 | Z27: 23 | AA27: =IF(ISBLANK(GI!$H$24),"",GI!$H$24) -> Kaleab Haile Kahsay | AB27: =MIP!E500 -> 0 | AC27: 23 | AD27: =IF(ISBLANK(GI!$H$24),"",GI!$H$24) -> Kaleab Haile Kahsay | AE27: =IF(ISBLANK(MIP!$E$567),"",MIP!$E$567) -> 84 | AG27: 23 | AH27: =IF(ISBLANK(GI!$H$24),"",GI!$H$24) -> Kaleab Haile Kahsay | AI27: =MIP!E634 -> 0 | AJ27: 23 | AK27: =IF(ISBLANK(GI!$H$24),"",GI!$H$24) -> Kaleab Haile Kahsay | AL27: =IF(ISBLANK(MIP!$E$701),"",MIP!$E$701) -> 78 | AN27: 23 | AO27: =IF(ISBLANK(GI!$H$24),"",GI!$H$24) -> Kaleab Haile Kahsay | AP27: =IF(ISBLANK(MIP!$E$768),"",MIP!$E$768) | AQ27: 23 | AR27: =IF(ISBLANK(GI!$H$24),"",GI!$H$24) -> Kaleab Haile Kahsay | AU27: 23 | AV27: =IF(ISBLANK(GI!$H$24),"",GI!$H$24) -> Kaleab Haile Kahsay
A28: 24 | B28: =IF(ISBLANK(GI!$H$25),"",GI!$H$25) -> Kalkidan Haile Berhe | C28: =IF(ISBLANK(MIP!$E$33),"",MIP!$E$33) -> 71 | E28: 24 | F28: =IF(ISBLANK(GI!$H$25),"",GI!$H$25) -> Kalkidan Haile Berhe | G28: =MIP!E100 -> 0 | H28: 24 | I28: =IF(ISBLANK(GI!$H$25),"",GI!$H$25) -> Kalkidan Haile Berhe | J28: =IF(ISBLANK(MIP!$E$167),"",MIP!$E$167) -> 51 | L28: 24 | M28: =IF(ISBLANK(GI!$H$25),"",GI!$H$25) -> Kalkidan Haile Berhe | N28: =MIP!E234 -> 0 | O28: 24 | P28: =IF(ISBLANK(GI!$H$25),"",GI!$H$25) -> Kalkidan Haile Berhe | Q28: =IF(ISBLANK(MIP!$E$300),"",MIP!$E$300) -> 55 | S28: 24 | T28: =IF(ISBLANK(GI!$H$25),"",GI!$H$25) -> Kalkidan Haile Berhe | U28: =MIP!E367 -> 51 | V28: 24 | W28: =IF(ISBLANK(GI!$H$25),"",GI!$H$25) -> Kalkidan Haile Berhe | X28: =IF(ISBLANK(MIP!$E$434),"",MIP!$E$434) -> 58 | Z28: 24 | AA28: =IF(ISBLANK(GI!$H$25),"",GI!$H$25) -> Kalkidan Haile Berhe | AB28: =MIP!E501 -> 0 | AC28: 24 | AD28: =IF(ISBLANK(GI!$H$25),"",GI!$H$25) -> Kalkidan Haile Berhe | AE28: =IF(ISBLANK(MIP!$E$568),"",MIP!$E$568) -> 82 | AG28: 24 | AH28: =IF(ISBLANK(GI!$H$25),"",GI!$H$25) -> Kalkidan Haile Berhe | AI28: =MIP!E635 -> 0 | AJ28: 24 | AK28: =IF(ISBLANK(GI!$H$25),"",GI!$H$25) -> Kalkidan Haile Berhe | AL28: =IF(ISBLANK(MIP!$E$702),"",MIP!$E$702) -> 71 | AN28: 24 | AO28: =IF(ISBLANK(GI!$H$25),"",GI!$H$25) -> Kalkidan Haile Berhe | AP28: =IF(ISBLANK(MIP!$E$769),"",MIP!$E$769) | AQ28: 24 | AR28: =IF(ISBLANK(GI!$H$25),"",GI!$H$25) -> Kalkidan Haile Berhe | AU28: 24 | AV28: =IF(ISBLANK(GI!$H$25),"",GI!$H$25) -> Kalkidan Haile Berhe
A29: 25 | B29: =IF(ISBLANK(GI!$H$26),"",GI!$H$26) -> Kidus Tadesse Yewegalet | C29: =IF(ISBLANK(MIP!$E$34),"",MIP!$E$34) -> 59 | E29: 25 | F29: =IF(ISBLANK(GI!$H$26),"",GI!$H$26) -> Kidus Tadesse Yewegalet | G29: =MIP!E101 -> 0 | H29: 25 | I29: =IF(ISBLANK(GI!$H$26),"",GI!$H$26) -> Kidus Tadesse Yewegalet | J29: =IF(ISBLANK(MIP!$E$168),"",MIP!$E$168) -> 60 | L29: 25 | M29: =IF(ISBLANK(GI!$H$26),"",GI!$H$26) -> Kidus Tadesse Yewegalet | N29: =MIP!E235 -> 0 | O29: 25 | P29: =IF(ISBLANK(GI!$H$26),"",GI!$H$26) -> Kidus Tadesse Yewegalet | Q29: =IF(ISBLANK(MIP!$E$301),"",MIP!$E$301) -> 74 | S29: 25 | T29: =IF(ISBLANK(GI!$H$26),"",GI!$H$26) -> Kidus Tadesse Yewegalet | U29: =MIP!E368 -> 72 | V29: 25 | W29: =IF(ISBLANK(GI!$H$26),"",GI!$H$26) -> Kidus Tadesse Yewegalet | X29: =IF(ISBLANK(MIP!$E$435),"",MIP!$E$435) -> 53 | Z29: 25 | AA29: =IF(ISBLANK(GI!$H$26),"",GI!$H$26) -> Kidus Tadesse Yewegalet | AB29: =MIP!E502 -> 0 | AC29: 25 | AD29: =IF(ISBLANK(GI!$H$26),"",GI!$H$26) -> Kidus Tadesse Yewegalet | AE29: =IF(ISBLANK(MIP!$E$569),"",MIP!$E$569) -> 82 | AG29: 25 | AH29: =IF(ISBLANK(GI!$H$26),"",GI!$H$26) -> Kidus Tadesse Yewegalet | AI29: =MIP!E636 -> 0 | AJ29: 25 | AK29: =IF(ISBLANK(GI!$H$26),"",GI!$H$26) -> Kidus Tadesse Yewegalet | AL29: =IF(ISBLANK(MIP!$E$703),"",MIP!$E$703) -> 76 | AN29: 25 | AO29: =IF(ISBLANK(GI!$H$26),"",GI!$H$26) -> Kidus Tadesse Yewegalet | AP29: =IF(ISBLANK(MIP!$E$770),"",MIP!$E$770) | AQ29: 25 | AR29: =IF(ISBLANK(GI!$H$26),"",GI!$H$26) -> Kidus Tadesse Yewegalet | AU29: 25 | AV29: =IF(ISBLANK(GI!$H$26),"",GI!$H$26) -> Kidus Tadesse Yewegalet
A30: 26 | B30: =IF(ISBLANK(GI!$H$27),"",GI!$H$27) -> Lidiya Mulu Gebreegzabher | C30: =IF(ISBLANK(MIP!$E$35),"",MIP!$E$35) -> 49 | E30: 26 | F30: =IF(ISBLANK(GI!$H$27),"",GI!$H$27) -> Lidiya Mulu Gebreegzabher | G30: =MIP!E102 -> 0 | H30: 26 | I30: =IF(ISBLANK(GI!$H$27),"",GI!$H$27) -> Lidiya Mulu Gebreegzabher | J30: =IF(ISBLANK(MIP!$E$169),"",MIP!$E$169) -> 58 | L30: 26 | M30: =IF(ISBLANK(GI!$H$27),"",GI!$H$27) -> Lidiya Mulu Gebreegzabher | N30: =MIP!E236 -> 0 | O30: 26 | P30: =IF(ISBLANK(GI!$H$27),"",GI!$H$27) -> Lidiya Mulu Gebreegzabher | Q30: =IF(ISBLANK(MIP!$E$302),"",MIP!$E$302) -> 63 | S30: 26 | T30: =IF(ISBLANK(GI!$H$27),"",GI!$H$27) -> Lidiya Mulu Gebreegzabher | U30: =MIP!E369 -> 61 | V30: 26 | W30: =IF(ISBLANK(GI!$H$27),"",GI!$H$27) -> Lidiya Mulu Gebreegzabher | X30: =IF(ISBLANK(MIP!$E$436),"",MIP!$E$436) -> 49 | Z30: 26 | AA30: =IF(ISBLANK(GI!$H$27),"",GI!$H$27) -> Lidiya Mulu Gebreegzabher | AB30: =MIP!E503 -> 0 | AC30: 26 | AD30: =IF(ISBLANK(GI!$H$27),"",GI!$H$27) -> Lidiya Mulu Gebreegzabher | AE30: =IF(ISBLANK(MIP!$E$570),"",MIP!$E$570) -> 73 | AG30: 26 | AH30: =IF(ISBLANK(GI!$H$27),"",GI!$H$27) -> Lidiya Mulu Gebreegzabher | AI30: =MIP!E637 -> 0 | AJ30: 26 | AK30: =IF(ISBLANK(GI!$H$27),"",GI!$H$27) -> Lidiya Mulu Gebreegzabher | AL30: =IF(ISBLANK(MIP!$E$704),"",MIP!$E$704) -> 74 | AN30: 26 | AO30: =IF(ISBLANK(GI!$H$27),"",GI!$H$27) -> Lidiya Mulu Gebreegzabher | AP30: =IF(ISBLANK(MIP!$E$771),"",MIP!$E$771) | AQ30: 26 | AR30: =IF(ISBLANK(GI!$H$27),"",GI!$H$27) -> Lidiya Mulu Gebreegzabher | AU30: 26 | AV30: =IF(ISBLANK(GI!$H$27),"",GI!$H$27) -> Lidiya Mulu Gebreegzabher
A31: 27 | B31: =IF(ISBLANK(GI!$H$28),"",GI!$H$28) -> Menkem Solomon Yihdego | C31: =IF(ISBLANK(MIP!$E$36),"",MIP!$E$36) -> 48 | E31: 27 | F31: =IF(ISBLANK(GI!$H$28),"",GI!$H$28) -> Menkem Solomon Yihdego | G31: =MIP!E103 -> 0 | H31: 27 | I31: =IF(ISBLANK(GI!$H$28),"",GI!$H$28) -> Menkem Solomon Yihdego | J31: =IF(ISBLANK(MIP!$E$170),"",MIP!$E$170) -> 60 | L31: 27 | M31: =IF(ISBLANK(GI!$H$28),"",GI!$H$28) -> Menkem Solomon Yihdego | N31: =MIP!E237 -> 0 | O31: 27 | P31: =IF(ISBLANK(GI!$H$28),"",GI!$H$28) -> Menkem Solomon Yihdego | Q31: =IF(ISBLANK(MIP!$E$303),"",MIP!$E$303) -> 69 | S31: 27 | T31: =IF(ISBLANK(GI!$H$28),"",GI!$H$28) -> Menkem Solomon Yihdego | U31: =MIP!E370 -> 71 | V31: 27 | W31: =IF(ISBLANK(GI!$H$28),"",GI!$H$28) -> Menkem Solomon Yihdego | X31: =IF(ISBLANK(MIP!$E$437),"",MIP!$E$437) -> 72 | Z31: 27 | AA31: =IF(ISBLANK(GI!$H$28),"",GI!$H$28) -> Menkem Solomon Yihdego | AB31: =MIP!E504 -> 0 | AC31: 27 | AD31: =IF(ISBLANK(GI!$H$28),"",GI!$H$28) -> Menkem Solomon Yihdego | AE31: =IF(ISBLANK(MIP!$E$571),"",MIP!$E$571) -> 86 | AG31: 27 | AH31: =IF(ISBLANK(GI!$H$28),"",GI!$H$28) -> Menkem Solomon Yihdego | AI31: =MIP!E638 -> 0 | AJ31: 27 | AK31: =IF(ISBLANK(GI!$H$28),"",GI!$H$28) -> Menkem Solomon Yihdego | AL31: =IF(ISBLANK(MIP!$E$705),"",MIP!$E$705) -> 63 | AN31: 27 | AO31: =IF(ISBLANK(GI!$H$28),"",GI!$H$28) -> Menkem Solomon Yihdego | AP31: =IF(ISBLANK(MIP!$E$772),"",MIP!$E$772) | AQ31: 27 | AR31: =IF(ISBLANK(GI!$H$28),"",GI!$H$28) -> Menkem Solomon Yihdego | AU31: 27 | AV31: =IF(ISBLANK(GI!$H$28),"",GI!$H$28) -> Menkem Solomon Yihdego
A32: 28 | B32: =IF(ISBLANK(GI!$H$29),"",GI!$H$29) -> Mewael Semere Tewelde | C32: =IF(ISBLANK(MIP!$E$37),"",MIP!$E$37) -> 77 | E32: 28 | F32: =IF(ISBLANK(GI!$H$29),"",GI!$H$29) -> Mewael Semere Tewelde | G32: =MIP!E104 -> 0 | H32: 28 | I32: =IF(ISBLANK(GI!$H$29),"",GI!$H$29) -> Mewael Semere Tewelde | J32: =IF(ISBLANK(MIP!$E$171),"",MIP!$E$171) -> 57 | L32: 28 | M32: =IF(ISBLANK(GI!$H$29),"",GI!$H$29) -> Mewael Semere Tewelde | N32: =MIP!E238 -> 0 | O32: 28 | P32: =IF(ISBLANK(GI!$H$29),"",GI!$H$29) -> Mewael Semere Tewelde | Q32: =IF(ISBLANK(MIP!$E$304),"",MIP!$E$304) -> 80 | S32: 28 | T32: =IF(ISBLANK(GI!$H$29),"",GI!$H$29) -> Mewael Semere Tewelde | U32: =MIP!E371 -> 71 | V32: 28 | W32: =IF(ISBLANK(GI!$H$29),"",GI!$H$29) -> Mewael Semere Tewelde | X32: =IF(ISBLANK(MIP!$E$438),"",MIP!$E$438) -> 65 | Z32: 28 | AA32: =IF(ISBLANK(GI!$H$29),"",GI!$H$29) -> Mewael Semere Tewelde | AB32: =MIP!E505 -> 0 | AC32: 28 | AD32: =IF(ISBLANK(GI!$H$29),"",GI!$H$29) -> Mewael Semere Tewelde | AE32: =IF(ISBLANK(MIP!$E$572),"",MIP!$E$572) -> 88 | AG32: 28 | AH32: =IF(ISBLANK(GI!$H$29),"",GI!$H$29) -> Mewael Semere Tewelde | AI32: =MIP!E639 -> 0 | AJ32: 28 | AK32: =IF(ISBLANK(GI!$H$29),"",GI!$H$29) -> Mewael Semere Tewelde | AL32: =IF(ISBLANK(MIP!$E$706),"",MIP!$E$706) -> 73 | AN32: 28 | AO32: =IF(ISBLANK(GI!$H$29),"",GI!$H$29) -> Mewael Semere Tewelde | AP32: =IF(ISBLANK(MIP!$E$773),"",MIP!$E$773) | AQ32: 28 | AR32: =IF(ISBLANK(GI!$H$29),"",GI!$H$29) -> Mewael Semere Tewelde | AU32: 28 | AV32: =IF(ISBLANK(GI!$H$29),"",GI!$H$29) -> Mewael Semere Tewelde
